ID,Name,G,GS,W,L,SVO,SV,SV%,BS,BS%,SD,MD,IP,BF,AB,HA,1B,2B,3B,HR,TB,R,ER,BB,IBB,K,HP,ERA,AVG,OBP,SLG,OPS,WHIP,BRA/9,K/9,BB/9,HR/9,K/BB,K%,BB%,K%-BB%,SH,SF,WP,BK,CI,DP,RA,GF,IR,IRS,IRS%,GF%,QS,QS%,CG,CG%,SHO,PPG,RS,RSG,PI,GB,FB,GO%,SB,CS,FIP-,WAR
133703,John Abney,30,30,8,16,0,0,.000,0,.000,0,0,160.1,692,632,166,96,38,2,30,298,95,92,53,0,110,6,5.16,.263,.325,.472,.797,1.37,12.6,6.2,3.0,1.7,2.1,15.9,7.7,8.2,0,1,6,1,0,16,0,0,0,0,0.0,.000,12,.400,1,.033,1,85,52,1.7,2571,184,165,0.53,20,2,115,0.9
127239,Alfredo Acevedo,56,0,3,5,8,7,.875,1,.125,24,12,76.2,341,291,76,47,19,1,9,124,38,33,41,6,71,5,3.87,.261,.359,.426,.785,1.53,14.3,8.3,4.8,1.1,1.7,20.8,12.0,8.8,1,3,5,0,0,15,56,19,30,6,20.0,.339,0,.000,0,.000,0,22,0,0.0,1263,75,67,0.53,2,1,98,0.4
118432,Leonardo Acevedo,47,0,7,10,5,1,.200,4,.800,9,9,118.2,518,458,120,80,15,5,20,205,66,63,48,2,68,4,4.78,.262,.334,.448,.782,1.42,13.0,5.2,3.6,1.5,1.4,13.1,9.3,3.9,2,5,4,1,1,12,47,16,23,11,47.8,.340,0,.000,0,.000,0,40,0,0.0,1897,134,139,0.49,8,2,119,-0.8
129905,Bubba Ackermann,33,32,10,9,1,1,1.000,0,.000,1,0,170.2,725,649,166,116,20,2,28,274,94,93,66,2,136,5,4.90,.256,.327,.422,.750,1.36,12.5,7.2,3.5,1.5,2.1,18.8,9.1,9.7,1,4,8,0,0,22,1,1,1,0,0.0,1.000,12,.375,0,.000,0,85,94,2.9,2805,172,175,0.50,18,2,104,1.9
125636,Brandon Adams,41,0,5,3,4,2,.500,2,.500,11,2,74.1,306,266,53,35,10,0,8,87,31,30,34,0,64,3,3.63,.199,.294,.327,.621,1.17,10.9,7.7,4.1,1.0,1.9,20.9,11.1,9.8,0,3,2,0,0,6,41,11,29,6,20.7,.268,0,.000,0,.000,0,28,0,0.0,1168,68,82,0.45,3,2,91,0.6
136496,José Aguilar,29,28,8,13,0,0,.000,0,.000,0,1,160.1,706,621,174,116,26,3,29,293,93,88,65,1,138,11,4.94,.280,.355,.472,.826,1.49,14.0,7.7,3.6,1.6,2.1,19.5,9.2,10.3,1,8,6,0,0,18,1,0,0,0,0.0,.000,9,.321,0,.000,0,91,56,2.0,2648,137,179,0.43,8,3,116,0.8
126568,Bruce Alexander,45,0,4,3,6,1,.167,5,.833,19,10,74.2,318,264,53,40,8,0,5,76,27,23,44,7,70,4,2.77,.201,.321,.288,.609,1.30,12.2,8.4,5.3,0.6,1.6,22.0,13.8,8.2,3,3,4,1,0,9,45,12,23,6,26.1,.267,0,.000,0,.000,0,27,0,0.0,1242,76,67,0.53,2,0,82,1.2
132840,Dave Alexander,43,19,4,12,2,1,1.000,0,.000,3,5,176.0,762,684,179,126,35,2,16,266,99,87,60,0,131,13,4.45,.262,.332,.389,.721,1.36,12.9,6.7,3.1,0.8,2.2,17.2,7.9,9.3,2,2,11,0,1,15,24,10,20,5,25.0,.417,9,.474,3,.158,0,65,46,2.4,2798,192,180,0.52,17,5,90,2.7
132135,Mike Alexander,33,30,8,16,0,0,.000,0,.000,3,0,152.1,730,624,199,129,44,0,26,321,119,111,90,6,102,2,6.56,.319,.402,.514,.916,1.90,17.2,6.0,5.3,1.5,1.1,14.0,12.3,1.6,6,8,5,1,0,13,3,0,3,0,0.0,.000,6,.200,0,.000,0,82,86,2.9,2709,154,178,0.46,11,3,125,0.1
120568,Richard Alexander,46,0,7,3,2,1,.500,1,.500,17,7,57.2,240,218,52,37,6,1,8,84,21,20,22,1,62,0,3.12,.239,.308,.385,.694,1.28,11.5,9.7,3.4,1.2,2.8,25.8,9.2,16.7,0,0,2,0,0,3,46,18,20,4,20.0,.391,0,.000,0,.000,0,19,0,0.0,914,47,55,0.46,5,2,82,0.8
125634,Albert Alfonso,32,32,10,9,0,0,.000,0,.000,0,0,176.2,764,692,181,112,43,2,24,300,97,93,58,0,97,4,4.74,.262,.320,.434,.753,1.35,12.4,4.9,3.0,1.2,1.7,12.7,7.6,5.1,4,6,3,2,0,17,0,0,0,0,0.0,.000,12,.375,1,.031,0,86,103,3.2,2774,209,204,0.51,10,3,106,1.8
129890,George Allen,66,0,4,2,46,46,1.000,0,.000,41,3,66.1,263,240,46,37,5,0,4,63,9,7,21,1,52,1,0.95,.192,.259,.263,.521,1.01,9.2,7.1,2.8,0.5,2.5,19.8,8.0,11.8,0,1,1,1,0,5,66,57,10,3,30.0,.864,0,.000,0,.000,0,15,0,0.0,1034,57,84,0.40,3,0,70,2.0
130195,Domingo Alvarado,43,0,0,2,3,1,.500,1,.333,4,10,88.1,394,349,96,55,19,2,20,179,61,60,36,8,66,5,6.11,.275,.348,.513,.861,1.49,14.0,6.7,3.7,2.0,1.8,16.8,9.1,7.6,0,4,1,0,0,10,43,7,56,20,35.7,.163,0,.000,0,.000,0,34,0,0.0,1478,77,110,0.41,3,2,124,-0.8
129426,António Amador,47,0,4,1,2,1,.500,1,.500,11,5,85.2,352,321,71,50,11,0,10,112,33,32,28,0,72,1,3.36,.221,.284,.349,.633,1.16,10.5,7.6,2.9,1.1,2.6,20.5,8.0,12.5,0,2,2,0,0,5,47,12,46,13,28.3,.255,0,.000,0,.000,0,27,0,0.0,1301,89,88,0.50,2,3,84,1.0
120188,Bobby Ames,40,3,3,3,1,0,.000,1,1.000,7,5,74.2,306,280,70,46,12,1,11,117,30,29,20,0,54,1,3.50,.250,.297,.418,.715,1.21,11.0,6.5,2.4,1.3,2.7,17.6,6.5,11.1,0,5,9,1,0,8,37,15,29,12,41.4,.405,0,.000,0,.000,0,28,2,0.7,1137,85,73,0.54,4,1,97,0.5
126171,Ralph Anderson,30,0,2,1,1,0,.000,1,1.000,5,3,47.0,197,174,40,29,8,2,1,55,12,12,17,0,46,3,2.30,.230,.306,.316,.622,1.21,11.5,8.8,3.3,0.2,2.7,23.4,8.6,14.7,1,2,2,0,0,4,30,18,18,7,38.9,.600,0,.000,0,.000,0,24,0,0.0,741,49,40,0.55,0,2,60,1.1
128938,Domingo Arango,30,29,14,10,0,0,.000,0,.000,0,0,189.1,798,716,172,116,25,4,27,286,83,78,65,0,156,12,3.71,.240,.312,.399,.712,1.25,11.8,7.4,3.1,1.3,2.4,19.5,8.1,11.4,1,4,6,0,0,17,1,1,1,0,0.0,1.000,16,.552,5,.172,3,98,125,4.3,2966,200,184,0.52,17,6,113,1.3
126965,Lloyd Austin,30,21,10,4,0,0,.000,0,.000,0,2,145.1,602,543,135,95,22,1,17,210,65,59,49,0,117,5,3.65,.249,.315,.387,.702,1.27,11.7,7.2,3.0,1.1,2.4,19.4,8.1,11.3,2,3,4,0,0,21,9,6,6,3,50.0,.667,13,.619,0,.000,0,73,65,3.1,2218,141,151,0.48,10,2,94,2.2
130992,Germán Avilés,47,0,3,3,0,0,.000,0,.000,7,9,79.1,384,319,93,65,15,1,12,146,54,48,58,0,74,2,5.45,.292,.399,.458,.857,1.90,17.4,8.4,6.6,1.4,1.3,19.3,15.1,4.2,1,4,2,1,0,6,47,12,43,13,30.2,.255,0,.000,0,.000,0,31,0,0.0,1493,53,101,0.34,2,2,122,-0.6
130727,Greg Ballard,46,0,3,1,16,14,.875,2,.125,18,5,51.0,218,196,48,38,5,2,3,66,16,12,20,2,38,1,2.12,.245,.317,.337,.653,1.33,12.2,6.7,3.5,0.5,1.9,17.4,9.2,8.3,0,1,2,1,0,3,46,20,21,8,38.1,.435,0,.000,0,.000,0,18,0,0.0,847,50,60,0.45,1,1,79,0.9
130837,Javier Ballou,46,0,1,0,0,0,.000,0,.000,5,4,80.2,356,298,69,42,13,0,14,124,46,41,55,0,49,3,4.57,.232,.357,.416,.773,1.54,14.2,5.5,6.1,1.6,0.9,13.8,15.4,-1.7,0,0,5,0,0,16,46,14,36,6,16.7,.304,0,.000,0,.000,0,29,0,0.0,1363,88,86,0.51,5,2,140,-1.4
124257,Dave Bass,48,14,2,6,3,0,.000,3,1.000,11,5,63.2,255,222,39,23,7,1,8,72,27,25,31,1,56,1,3.53,.176,.278,.324,.603,1.10,10.0,7.9,4.4,1.1,1.8,22.0,12.2,9.8,0,1,2,1,0,9,34,16,19,6,31.6,.471,0,.000,0,.000,0,20,8,0.6,979,73,51,0.59,3,1,96,0.7
130740,Mark Baxter,18,0,0,4,2,1,.500,1,.500,3,3,20.2,89,77,19,12,4,1,2,31,7,7,5,0,18,4,3.05,.247,.318,.403,.721,1.16,12.2,7.8,2.2,0.9,3.6,20.2,5.6,14.6,1,2,1,0,0,0,18,9,10,3,30.0,.500,0,.000,0,.000,0,16,0,0.0,292,20,23,0.47,0,0,89,0.2
120408,Ron Beatin,34,34,15,9,0,0,.000,0,.000,0,0,193.0,806,729,163,112,27,1,23,261,82,80,62,4,185,9,3.73,.224,.291,.358,.649,1.17,10.9,8.6,2.9,1.1,3.0,23.0,7.7,15.3,3,3,5,1,0,7,0,0,0,0,0.0,.000,18,.529,0,.000,0,88,91,2.7,2992,155,222,0.41,15,6,82,4.4
125614,Larry Beaupre,34,34,16,7,0,0,.000,0,.000,0,0,188.2,775,695,157,109,29,3,16,240,64,64,67,0,127,4,3.05,.226,.295,.345,.640,1.19,10.9,6.1,3.2,0.8,1.9,16.4,8.6,7.7,2,7,6,0,0,14,0,0,0,0,0.0,.000,14,.412,0,.000,0,84,117,3.4,2879,182,233,0.44,24,4,87,3.8
125919,Jeffrey Becker,33,33,9,9,0,0,.000,0,.000,0,0,160.0,636,578,115,73,23,3,16,192,61,58,50,0,131,5,3.26,.199,.267,.332,.599,1.03,9.6,7.4,2.8,0.9,2.6,20.6,7.9,12.7,0,3,5,0,0,11,0,0,0,0,0.0,.000,4,.121,0,.000,0,75,84,2.5,2480,155,177,0.47,11,3,82,3.7
127879,Howard Bell,61,0,6,6,21,17,.810,4,.190,28,16,69.2,297,276,73,52,8,2,11,118,36,32,14,3,63,4,4.13,.264,.306,.428,.734,1.25,11.8,8.1,1.8,1.4,4.5,21.2,4.7,16.5,0,3,1,0,0,4,61,32,34,9,26.5,.525,0,.000,0,.000,0,18,0,0.0,1123,65,73,0.47,11,2,85,1.1
136711,Héctor Bernard,50,0,2,6,7,3,.429,4,.571,16,9,56.0,244,221,62,40,16,0,6,96,28,27,18,4,50,0,4.34,.281,.332,.434,.766,1.43,12.9,8.0,2.9,1.0,2.8,20.5,7.4,13.1,3,2,2,0,0,2,50,18,37,7,18.9,.360,0,.000,0,.000,0,18,0,0.0,929,49,64,0.43,2,1,77,1.0
126625,Florian Bernier,50,0,5,2,0,0,.000,0,.000,6,12,91.0,392,341,76,39,18,0,19,151,58,50,45,0,66,4,4.95,.223,.320,.443,.763,1.33,12.4,6.5,4.5,1.9,1.5,16.8,11.5,5.4,1,1,2,0,0,9,50,9,37,9,24.3,.180,0,.000,0,.000,0,30,0,0.0,1507,100,97,0.51,4,2,133,-1.2
127250,Pat Berry,50,0,6,4,6,1,.167,5,.833,18,9,67.1,287,253,58,36,14,2,6,94,25,21,26,5,56,3,2.81,.229,.304,.372,.676,1.25,11.6,7.5,3.5,0.8,2.2,19.5,9.1,10.5,1,4,4,0,0,4,50,18,31,11,35.5,.360,0,.000,0,.000,0,19,0,0.0,994,70,70,0.50,7,0,79,1.1
127975,Michael Blair,55,0,6,4,3,3,1.000,0,.000,23,9,88.1,392,330,78,53,15,1,9,122,42,40,56,6,56,1,4.08,.236,.345,.370,.715,1.52,13.8,5.7,5.7,0.9,1.0,14.3,14.3,0.0,1,4,4,0,0,7,55,19,47,3,6.4,.345,0,.000,0,.000,0,26,0,0.0,1459,95,103,0.48,0,2,108,-0.1
121510,Derrick Boehling,47,19,11,8,0,0,.000,0,.000,5,4,165.1,692,621,154,102,25,5,22,255,85,80,59,3,135,10,4.35,.248,.322,.411,.733,1.29,12.1,7.3,3.2,1.2,2.3,19.5,8.5,11.0,0,2,2,1,0,24,28,12,16,5,31.2,.429,9,.474,2,.105,2,54,83,4.4,2545,170,157,0.52,14,4,100,1.6
133785,Brian Bolden,68,9,3,5,6,2,.333,4,.667,17,12,101.1,420,388,103,62,18,4,19,186,52,51,26,0,58,1,4.53,.265,.310,.479,.789,1.27,11.5,5.2,2.3,1.7,2.2,13.8,6.2,7.6,0,5,1,1,0,14,59,18,44,16,36.4,.305,0,.000,0,.000,0,22,7,0.8,1515,116,113,0.51,4,2,114,-0.1
126738,Bill Boni,57,0,5,4,11,7,.636,4,.364,24,10,63.0,266,237,55,39,9,1,6,84,23,22,24,2,71,2,3.14,.232,.305,.354,.659,1.25,11.6,10.1,3.4,0.9,3.0,26.7,9.0,17.7,0,3,5,1,0,4,57,26,23,8,34.8,.456,0,.000,0,.000,0,18,0,0.0,1048,47,64,0.42,3,1,67,1.6
127179,Louis Boulet,53,0,5,3,37,32,.865,5,.135,30,6,55.2,231,202,39,29,4,1,5,60,19,17,26,0,44,1,2.75,.193,.287,.297,.584,1.17,10.7,7.1,4.2,0.8,1.7,19.0,11.3,7.8,1,1,1,0,0,3,53,40,13,6,46.2,.755,0,.000,0,.000,0,16,0,0.0,869,55,64,0.46,1,1,93,0.6
135391,Bret Bowling,31,31,7,13,0,0,.000,0,.000,0,0,153.2,708,615,171,103,39,1,28,296,115,114,78,0,109,5,6.68,.278,.359,.481,.841,1.62,14.9,6.4,4.6,1.6,1.4,15.4,11.0,4.4,0,9,3,1,1,4,0,0,0,0,0.0,.000,7,.226,0,.000,0,85,78,2.5,2659,138,200,0.41,24,4,124,0.2
125750,Lou Boyer,30,30,8,10,0,0,.000,0,.000,0,0,171.1,737,644,162,110,32,3,17,251,84,74,78,12,114,3,3.89,.252,.332,.390,.721,1.40,12.8,6.0,4.1,0.9,1.5,15.5,10.6,4.9,4,8,6,1,0,19,0,0,0,0,0.0,.000,15,.500,0,.000,0,89,105,3.5,2685,183,189,0.49,18,4,94,2.8
125795,Paul Bradford,53,6,5,5,2,0,.000,2,1.000,11,15,79.0,329,287,60,48,7,1,4,81,21,20,35,4,54,6,2.28,.209,.307,.282,.589,1.20,11.5,6.2,4.0,0.5,1.5,16.4,10.6,5.8,0,1,1,1,0,5,47,17,47,19,40.4,.362,3,.500,0,.000,0,23,3,0.5,1252,89,83,0.52,6,2,82,1.3
127359,Martin Brady,38,8,3,5,3,0,.000,3,1.000,3,4,96.0,420,367,94,62,16,4,12,154,52,51,43,0,86,3,4.78,.256,.334,.420,.754,1.43,13.1,8.1,4.0,1.1,2.0,20.5,10.2,10.2,0,6,5,1,1,5,30,15,24,13,54.2,.500,4,.500,0,.000,0,41,18,2.2,1572,95,96,0.50,1,5,100,0.7
128046,Ray Braun,33,33,9,13,0,0,.000,0,.000,0,0,166.2,736,650,173,106,38,3,26,295,105,101,72,1,136,8,5.45,.266,.344,.454,.798,1.47,13.7,7.3,3.9,1.4,1.9,18.5,9.8,8.7,1,5,9,1,0,14,0,0,0,0,0.0,.000,10,.303,0,.000,0,82,82,2.5,2712,147,194,0.43,6,2,105,1.7
124328,Robbie Britton,31,14,8,7,3,0,.000,3,1.000,4,7,109.1,449,393,82,56,6,3,17,145,43,43,48,0,102,4,3.54,.209,.301,.369,.670,1.19,11.0,8.4,4.0,1.4,2.1,22.7,10.7,12.0,4,0,4,0,0,12,17,1,11,2,18.2,.059,7,.500,0,.000,0,54,42,3.0,1680,101,111,0.48,12,0,105,0.9
120907,Dave Brown,31,14,7,5,0,0,.000,0,.000,1,2,118.2,499,457,109,79,10,2,18,177,66,59,34,0,118,6,4.47,.239,.299,.387,.687,1.21,11.3,8.9,2.6,1.4,3.5,23.6,6.8,16.8,1,1,6,1,0,9,17,7,20,6,30.0,.412,7,.500,0,.000,0,61,40,2.9,1907,112,112,0.50,5,3,94,1.6
134405,Gerald Brown,35,26,10,10,1,0,.000,1,1.000,4,3,156.0,669,581,146,102,25,2,17,226,72,64,73,1,114,3,3.69,.251,.332,.389,.721,1.40,12.8,6.6,4.2,1.0,1.6,17.0,10.9,6.1,1,11,8,0,0,15,9,4,9,2,22.2,.444,13,.500,0,.000,0,70,56,2.2,2474,146,182,0.45,8,7,99,2.0
120232,John Brown,45,0,4,6,10,6,.600,4,.400,13,12,43.0,181,162,39,29,4,1,5,60,21,20,13,1,37,4,4.19,.241,.311,.370,.681,1.21,11.7,7.7,2.7,1.0,2.8,20.4,7.2,13.3,1,1,5,0,0,5,45,19,21,4,19.0,.422,0,.000,0,.000,0,14,0,0.0,671,48,38,0.56,1,0,92,0.4
129387,Rob Brown,38,0,1,1,2,1,1.000,0,.000,6,7,58.0,250,220,55,40,10,0,5,80,23,23,27,0,38,2,3.57,.250,.336,.364,.700,1.41,13.0,5.9,4.2,0.8,1.4,15.2,10.8,4.4,0,1,1,0,0,7,38,10,21,7,33.3,.263,0,.000,0,.000,0,23,0,0.0,889,48,77,0.38,5,0,101,0.1
127393,Scotty Bruce,64,0,3,6,29,25,.862,4,.138,24,11,71.2,292,270,60,42,7,0,11,100,31,31,14,1,48,5,3.89,.222,.271,.370,.642,1.03,9.9,6.0,1.8,1.4,3.4,16.4,4.8,11.6,1,2,2,0,0,2,64,42,30,6,20.0,.656,0,.000,0,.000,0,16,0,0.0,1031,80,84,0.49,4,0,98,0.4
129132,Rich Bryant,35,35,14,7,0,0,.000,0,.000,0,0,196.1,763,711,152,119,21,1,11,208,51,50,46,0,167,1,2.29,.214,.261,.293,.554,1.01,9.1,7.7,2.1,0.5,3.6,21.9,6.0,15.9,1,4,3,0,0,20,0,0,0,0,0.0,.000,12,.343,0,.000,0,82,97,2.8,2888,207,189,0.52,16,3,58,7.2
126680,Brad Bullock,62,0,8,1,0,0,.000,0,.000,11,14,131.1,564,481,109,68,18,3,20,193,62,58,65,0,101,7,3.97,.227,.321,.401,.723,1.32,12.4,6.9,4.5,1.4,1.6,17.9,11.5,6.4,1,10,2,0,0,10,62,16,55,19,34.5,.258,0,.000,0,.000,0,32,0,0.0,2033,114,162,0.41,11,3,114,-0.5
129293,Joe Burks,31,31,7,12,0,0,.000,0,.000,0,0,151.0,657,558,130,89,19,2,20,213,77,74,89,0,107,2,4.41,.233,.337,.382,.719,1.45,13.2,6.4,5.3,1.2,1.2,16.3,13.5,2.7,2,6,7,0,0,12,0,0,0,0,0.0,.000,7,.226,0,.000,0,80,70,2.3,2499,170,150,0.53,24,6,115,0.8
124670,Paul Burns,37,0,2,0,4,2,1.000,0,.000,10,4,80.1,313,284,52,34,9,2,7,86,20,19,25,1,60,1,2.13,.183,.250,.303,.553,0.96,8.7,6.7,2.8,0.8,2.4,19.2,8.0,11.2,1,2,0,0,0,8,37,17,26,6,23.1,.459,0,.000,0,.000,0,32,0,0.0,1196,80,91,0.47,2,1,79,1.1
131158,Ray Burns,21,18,4,7,0,0,.000,0,.000,1,1,104.2,466,415,114,67,16,2,29,221,69,68,34,5,86,12,5.85,.275,.345,.533,.877,1.41,13.8,7.4,2.9,2.5,2.5,18.5,7.3,11.2,2,3,4,1,0,5,3,0,3,1,33.3,.000,3,.167,0,.000,0,81,46,2.6,1713,100,119,0.46,14,1,143,-0.8
125554,Jed Burrell,31,31,9,8,0,0,.000,0,.000,0,0,183.1,760,687,154,104,32,3,15,237,72,64,57,1,149,8,3.14,.224,.289,.345,.634,1.15,10.8,7.3,2.8,0.7,2.6,19.6,7.5,12.1,2,6,4,0,0,9,0,0,0,0,0.0,.000,15,.484,1,.032,0,89,90,2.9,2786,175,212,0.45,31,3,81,4.2
133936,Dakila Butardo,60,1,8,2,27,22,.815,5,.185,23,8,66.2,303,261,72,40,16,3,13,133,46,45,38,1,52,1,6.07,.276,.368,.510,.877,1.65,15.0,7.0,5.1,1.8,1.4,17.2,12.5,4.6,1,2,1,0,0,7,59,38,18,8,44.4,.644,0,.000,0,.000,0,19,3,3.0,1142,65,74,0.47,0,1,126,-0.9
126135,Randall Byrne,33,33,16,6,0,0,.000,0,.000,0,0,185.2,761,693,161,99,44,2,16,257,79,77,57,0,151,5,3.73,.232,.293,.371,.664,1.17,10.8,7.3,2.8,0.8,2.6,19.8,7.5,12.4,1,5,5,0,0,15,0,0,0,0,0.0,.000,16,.485,1,.030,0,84,112,3.4,2787,168,213,0.44,18,8,76,4.9
125335,Juan Cabral,51,0,4,8,7,3,.429,4,.571,18,12,59.0,245,212,47,27,7,0,13,93,31,31,32,2,61,0,4.73,.222,.324,.439,.762,1.34,12.1,9.3,4.9,2.0,1.9,24.9,13.1,11.8,1,0,2,0,0,6,51,27,29,13,44.8,.529,0,.000,0,.000,0,17,0,0.0,912,55,50,0.52,2,3,118,-0.5
121588,Jeremy Cabrera,28,0,1,2,1,0,.000,1,1.000,8,8,46.0,194,175,47,35,6,0,6,71,19,18,18,0,35,0,3.52,.269,.335,.406,.741,1.41,12.7,6.8,3.5,1.2,1.9,18.0,9.3,8.8,0,1,2,0,0,6,28,10,18,4,22.2,.357,0,.000,0,.000,0,25,0,0.0,719,42,51,0.45,0,0,101,0.1
134264,Dennis Callaghan,33,33,13,10,0,0,.000,0,.000,0,0,210.0,847,780,168,125,26,0,17,245,67,63,61,0,166,3,2.70,.215,.274,.314,.588,1.09,9.9,7.1,2.6,0.7,2.7,19.6,7.2,12.4,1,2,8,0,0,19,0,0,0,0,0.0,.000,22,.667,0,.000,0,94,111,3.4,3120,222,219,0.50,26,3,74,5.8
128441,Jerry Callahan,30,30,16,9,0,0,.000,0,.000,0,0,174.2,716,656,145,98,32,0,15,222,57,55,46,0,151,5,2.83,.221,.275,.338,.614,1.09,10.1,7.8,2.4,0.8,3.3,21.1,6.4,14.7,3,5,4,0,1,9,0,0,0,0,0.0,.000,17,.567,0,.000,0,88,86,2.9,2653,180,179,0.50,19,3,72,5.0
129106,John Cameron,47,0,3,4,2,1,.500,1,.500,13,8,50.1,216,192,44,34,6,0,4,62,24,22,22,1,36,1,3.93,.229,.312,.323,.635,1.31,12.0,6.4,3.9,0.7,1.6,16.7,10.2,6.5,1,0,2,0,0,5,47,15,25,6,24.0,.319,0,.000,0,.000,0,17,0,0.0,804,49,62,0.44,7,1,81,0.7
124666,Spencer Camp,34,0,2,1,2,1,.500,1,.500,8,5,28.2,125,112,26,13,9,0,4,47,16,16,12,1,22,1,5.02,.232,.312,.420,.732,1.33,12.2,6.9,3.8,1.3,1.8,17.6,9.6,8.0,0,0,2,0,0,1,34,9,27,4,14.8,.265,0,.000,0,.000,0,13,0,0.0,455,27,35,0.44,1,0,103,0.1
132522,Joe Carr,65,0,5,11,31,23,.742,8,.258,24,17,63.1,298,249,61,38,10,2,11,108,46,42,44,2,63,2,5.97,.245,.359,.434,.793,1.66,15.2,9.0,6.3,1.6,1.4,21.1,14.8,6.4,0,3,4,0,0,3,65,48,12,3,25.0,.738,0,.000,0,.000,0,16,0,0.0,1104,53,69,0.43,5,0,119,-0.7
122948,Ira Carroll,31,0,2,2,3,2,1.000,0,.000,4,6,56.2,235,209,44,26,6,3,9,83,19,19,23,1,42,2,3.02,.211,.294,.397,.691,1.18,11.0,6.7,3.7,1.4,1.8,17.9,9.8,8.1,0,1,3,0,0,4,31,16,32,14,43.8,.516,0,.000,0,.000,0,28,0,0.0,898,50,74,0.40,4,1,109,-0.1
130030,Lowell Cashmann,56,0,2,5,4,1,.250,3,.750,20,8,86.0,371,324,80,55,14,0,11,127,35,35,37,6,68,5,3.66,.247,.329,.392,.721,1.36,12.8,7.1,3.9,1.2,1.8,18.3,10.0,8.4,0,5,4,0,0,7,56,25,50,15,30.0,.446,0,.000,0,.000,0,24,0,0.0,1370,84,95,0.47,6,0,101,0.2
125130,Juan Castellanos,53,0,5,6,7,1,.143,6,.857,13,11,82.1,372,325,82,50,19,1,12,139,43,40,37,3,75,8,4.37,.252,.341,.428,.769,1.45,13.9,8.2,4.0,1.3,2.0,20.2,9.9,10.2,0,2,1,1,0,7,53,25,33,11,33.3,.472,0,.000,0,.000,0,25,0,0.0,1330,81,82,0.50,8,1,99,0.3
135966,António Castro,33,33,9,13,0,0,.000,0,.000,0,0,187.1,773,720,193,141,24,0,28,301,86,79,40,0,117,4,3.80,.268,.308,.418,.726,1.24,11.4,5.6,1.9,1.3,2.9,15.1,5.2,10.0,3,6,7,0,0,17,0,0,0,0,0.0,.000,14,.424,0,.000,0,84,95,2.9,2779,206,204,0.50,14,12,96,2.8
125724,Frank Cates,31,28,10,8,0,0,.000,0,.000,0,0,171.2,742,673,175,126,33,3,13,253,91,80,52,0,159,6,4.19,.260,.315,.376,.691,1.32,12.2,8.3,2.7,0.7,3.1,21.4,7.0,14.4,2,9,11,1,0,14,3,1,5,0,0.0,.333,16,.571,0,.000,0,89,106,3.8,2787,148,190,0.44,11,2,73,4.7
132753,Fernando Cedeño,58,0,3,5,37,35,.946,2,.054,33,9,65.1,263,240,54,39,9,0,6,81,15,15,21,2,57,1,2.07,.225,.290,.338,.628,1.15,10.5,7.9,2.9,0.8,2.7,21.7,8.0,13.7,1,0,5,0,0,5,58,48,3,2,66.7,.828,0,.000,0,.000,0,17,0,0.0,1034,65,65,0.50,3,0,74,1.7
125592,Earl Chapman,45,0,7,4,9,6,.667,3,.333,13,9,55.2,230,202,42,25,6,1,10,80,28,26,20,0,50,7,4.20,.208,.300,.396,.696,1.11,11.2,8.1,3.2,1.6,2.5,21.7,8.7,13.0,0,1,0,0,0,5,45,30,31,12,38.7,.667,0,.000,0,.000,0,18,0,0.0,854,57,51,0.53,0,2,116,-0.3
126844,Jim Childress,33,33,15,8,0,0,.000,0,.000,0,0,191.0,754,673,126,85,26,0,15,197,64,62,73,0,147,4,2.92,.187,.270,.293,.563,1.04,9.6,6.9,3.4,0.7,2.0,19.5,9.7,9.8,2,2,5,1,0,18,0,0,0,0,0.0,.000,15,.455,0,.000,0,88,106,3.2,2914,203,196,0.51,22,5,82,4.4
128116,Jake Cline,21,21,8,7,0,0,.000,0,.000,0,0,111.1,491,436,114,74,21,4,15,188,66,57,49,0,79,1,4.61,.261,.335,.431,.766,1.46,13.3,6.4,4.0,1.2,1.6,16.1,10.0,6.1,1,4,2,1,0,12,0,0,0,0,0.0,.000,9,.429,0,.000,0,88,74,3.5,1852,111,128,0.46,6,4,105,1.2
131203,Lester Cobb,49,8,3,4,2,1,1.000,0,.000,8,5,102.2,438,406,115,77,18,0,20,193,66,62,27,3,91,2,5.44,.283,.329,.475,.804,1.38,12.6,8.0,2.4,1.8,3.4,20.8,6.2,14.6,0,3,6,2,0,8,41,14,33,7,21.2,.341,0,.000,0,.000,0,32,24,3.0,1577,96,105,0.48,13,3,94,1.0
131141,Dean Coleman,56,0,5,5,14,10,.714,4,.286,24,13,90.1,359,340,80,61,11,0,8,115,32,29,17,1,58,0,2.89,.235,.270,.338,.608,1.07,9.7,5.8,1.7,0.8,3.4,16.2,4.7,11.4,0,2,3,0,0,8,56,31,30,8,26.7,.554,0,.000,0,.000,0,21,0,0.0,1231,90,112,0.45,6,1,73,1.8
131121,Júlio Collazo,29,1,0,1,0,0,.000,0,.000,2,3,66.1,275,257,71,53,10,0,8,105,29,29,12,0,37,2,3.93,.276,.309,.409,.718,1.25,11.5,5.0,1.6,1.1,3.1,13.5,4.4,9.1,0,4,4,1,0,10,28,9,21,3,14.3,.321,0,.000,0,.000,0,35,3,3.0,1038,75,75,0.50,3,1,90,0.6
125887,Ramón Colón,39,12,4,7,0,0,.000,0,.000,4,2,110.1,467,404,92,54,20,1,17,165,55,52,55,0,63,3,4.24,.228,.322,.408,.730,1.33,12.2,5.1,4.5,1.4,1.1,13.5,11.8,1.7,1,4,4,0,0,12,27,7,12,3,25.0,.259,4,.333,0,.000,0,46,29,2.4,1829,131,119,0.52,8,3,122,-0.3
131180,Tim Conley,58,0,5,3,9,5,.833,1,.111,11,8,102.1,422,379,82,49,17,0,16,147,51,51,32,0,79,7,4.49,.216,.287,.388,.675,1.11,10.6,6.9,2.8,1.4,2.5,18.7,7.6,11.1,1,3,4,0,0,7,58,26,47,15,31.9,.448,0,.000,0,.000,0,26,0,0.0,1564,92,125,0.42,8,3,102,0.2
128090,Tim Conner,30,30,13,13,0,0,.000,0,.000,0,0,172.1,739,658,165,99,35,3,28,290,94,91,67,1,136,9,4.75,.251,.327,.441,.767,1.35,12.6,7.1,3.5,1.5,2.0,18.4,9.1,9.3,1,4,1,0,0,19,0,0,0,0,0.0,.000,14,.467,0,.000,0,91,122,4.1,2746,176,179,0.50,10,4,109,1.5
124377,Stanley Cook,57,0,5,4,11,10,.909,1,.091,24,6,60.2,260,209,31,20,6,0,5,52,20,20,49,2,104,0,2.97,.148,.309,.249,.558,1.32,11.9,15.4,7.3,0.7,2.1,40.0,18.8,21.2,1,1,5,0,0,3,57,24,35,8,22.9,.421,0,.000,0,.000,0,19,0,0.0,1130,30,45,0.40,5,0,69,1.6
121571,Ken Corsaletti,32,32,9,9,0,0,.000,0,.000,0,0,166.1,704,622,151,88,24,3,36,289,98,94,65,1,99,13,5.09,.243,.325,.465,.790,1.30,12.4,5.4,3.5,1.9,1.5,14.1,9.2,4.8,0,4,6,0,0,24,0,0,0,0,0.0,.000,10,.312,0,.000,0,80,98,3.1,2573,186,184,0.50,8,1,134,-0.6
120415,Jorge Costello,33,33,9,16,0,0,.000,0,.000,0,0,177.0,779,698,181,112,38,1,30,311,109,98,70,0,148,6,4.98,.259,.331,.446,.776,1.42,13.1,7.5,3.6,1.5,2.1,19.0,9.0,10.0,2,3,6,6,0,15,0,0,0,0,0.0,.000,13,.394,0,.000,0,88,89,2.7,2921,176,187,0.48,9,3,106,1.7
133462,Chris Crane,50,8,8,4,16,14,.875,2,.125,17,5,111.0,452,408,94,67,13,2,12,147,40,39,34,0,74,7,3.16,.230,.301,.360,.661,1.15,10.9,6.0,2.8,1.0,2.2,16.4,7.5,8.8,3,0,5,0,0,12,42,29,13,1,7.7,.690,5,.625,0,.000,0,33,26,3.2,1697,126,113,0.53,4,3,97,0.9
127582,John Crosby,46,0,3,4,3,1,.500,1,.333,13,8,79.1,368,319,90,64,12,0,14,144,43,43,40,3,69,5,4.88,.282,.367,.451,.818,1.64,15.3,7.8,4.5,1.6,1.7,18.8,10.9,7.9,0,4,8,0,0,4,46,15,41,12,29.3,.326,0,.000,0,.000,0,30,0,0.0,1394,70,92,0.43,4,2,115,-0.4
126214,Max Crosby,33,33,12,12,0,0,.000,0,.000,0,0,192.1,824,726,188,138,36,1,13,265,100,95,73,0,129,11,4.45,.259,.333,.365,.698,1.36,12.7,6.0,3.4,0.6,1.8,15.7,8.9,6.8,6,8,9,2,0,17,0,0,0,0,0.0,.000,14,.424,0,.000,0,90,122,3.7,2997,192,225,0.46,12,7,84,4.2
125103,Travis Curr,58,0,7,4,11,5,.455,6,.545,22,11,72.2,286,267,58,36,16,0,6,92,25,22,14,1,62,1,2.72,.217,.256,.345,.601,0.99,9.0,7.7,1.7,0.7,4.4,21.7,4.9,16.8,1,3,5,0,0,4,58,29,38,8,21.1,.500,0,.000,0,.000,0,19,0,0.0,1103,65,83,0.44,3,2,64,2.0
130868,Arlen Curry,73,0,4,8,7,1,.143,6,.857,17,22,95.2,471,405,133,95,22,1,15,202,75,66,55,8,74,2,6.21,.328,.405,.499,.904,1.97,17.9,7.0,5.2,1.4,1.3,15.7,11.7,4.0,2,7,5,2,0,9,73,27,46,17,37.0,.370,0,.000,0,.000,0,23,0,0.0,1740,95,105,0.47,10,1,112,-0.3
122910,Lowell Curry,32,32,11,11,0,0,.000,0,.000,0,0,165.1,713,640,157,107,23,0,27,261,92,82,63,0,122,3,4.46,.245,.314,.408,.721,1.33,12.1,6.6,3.4,1.5,1.9,17.1,8.8,8.3,2,5,11,0,0,11,0,0,0,0,0.0,.000,15,.469,0,.000,0,83,87,2.7,2665,174,185,0.48,19,3,108,1.5
125598,Donovan Dailey,45,0,2,1,4,1,.250,3,.750,12,7,46.1,208,168,37,28,6,0,3,52,22,19,32,0,34,4,3.69,.220,.351,.310,.660,1.49,14.2,6.6,6.2,0.6,1.1,16.3,15.4,1.0,0,4,5,0,0,4,45,24,37,14,37.8,.533,0,.000,0,.000,0,17,0,0.0,793,45,54,0.45,2,1,105,0.0
132543,Jeffery Daniels,56,0,4,8,6,0,.000,6,1.000,12,17,71.0,319,274,69,39,9,2,19,139,53,49,42,4,79,1,6.21,.252,.351,.507,.858,1.56,14.2,10.0,5.3,2.4,1.9,24.8,13.2,11.6,0,2,4,1,0,3,56,13,30,10,33.3,.232,0,.000,0,.000,0,23,0,0.0,1313,46,80,0.37,4,3,130,-0.9
128695,Brian Davidson,1,0,0,0,0,0,.000,0,.000,0,0,0.1,2,1,0,0,0,0,0,0,0,0,1,0,0,0,0.00,.000,.500,.000,.500,3.00,27.0,0.0,27.0,0.0,0.0,0.0,50.0,-50.0,0,0,0,0,0,0,1,1,1,0,0.0,1.000,0,.000,0,.000,0,11,0,0.0,11,1,0,1.00,0,0,305,-0.0
133066,Edward Davis,48,0,6,3,2,0,.000,2,1.000,12,9,67.1,301,265,70,46,14,1,9,113,41,38,32,3,56,3,5.08,.264,.349,.426,.775,1.51,14.0,7.5,4.3,1.2,1.8,18.6,10.6,8.0,0,1,2,0,0,6,48,19,28,7,25.0,.396,0,.000,0,.000,0,24,0,0.0,1156,78,59,0.57,9,1,100,0.2
124948,Evan Davis,28,25,11,8,0,0,.000,0,.000,0,1,155.2,663,586,143,99,28,4,12,215,67,64,63,0,141,9,3.70,.244,.326,.367,.693,1.32,12.4,8.2,3.6,0.7,2.2,21.3,9.5,11.8,3,1,7,1,1,15,3,2,2,0,0.0,.667,16,.640,0,.000,0,86,63,2.5,2415,156,143,0.52,11,6,83,3.4
127029,Jason Davis,57,0,3,1,43,37,.860,6,.140,34,6,59.2,240,220,44,31,4,1,8,74,17,17,20,2,89,0,2.56,.200,.267,.336,.603,1.07,9.7,13.4,3.0,1.2,4.5,37.1,8.3,28.8,0,0,0,0,0,4,57,48,8,0,0.0,.842,0,.000,0,.000,0,16,0,0.0,957,41,44,0.48,2,0,57,2.4
135505,Scott Davis,45,22,1,15,0,0,.000,0,.000,3,1,159.0,705,610,155,98,31,1,25,263,94,92,78,0,100,5,5.21,.254,.338,.431,.769,1.47,13.5,5.7,4.4,1.4,1.3,14.2,11.1,3.1,0,12,2,0,0,11,23,7,19,11,57.9,.304,8,.364,0,.000,0,58,27,1.2,2621,153,206,0.43,26,3,117,0.3
124908,Travis Davis,50,0,5,6,4,1,.250,3,.750,10,11,69.0,297,262,63,40,6,2,15,118,41,38,26,5,81,3,4.96,.240,.311,.450,.761,1.29,12.0,10.6,3.4,2.0,3.1,27.3,8.8,18.5,1,5,1,0,0,3,50,15,36,13,36.1,.300,0,.000,0,.000,0,22,0,0.0,1129,52,68,0.43,6,2,105,0.0
134497,Aurelio De La Cruz,35,19,6,5,1,1,1.000,0,.000,2,1,157.0,665,604,156,116,25,0,15,226,65,62,51,0,119,5,3.55,.258,.320,.374,.694,1.32,12.2,6.8,2.9,0.9,2.3,17.9,7.7,10.2,3,2,6,0,0,14,16,6,11,3,27.3,.375,9,.474,1,.053,1,69,54,2.8,2442,179,151,0.54,18,3,89,2.6
121991,Jeff De La Torre,18,18,11,2,0,0,.000,0,.000,0,0,100.2,419,378,89,55,19,2,13,151,44,43,37,0,75,2,3.84,.235,.306,.399,.706,1.25,11.4,6.7,3.3,1.2,2.0,17.9,8.8,9.1,1,1,2,0,0,11,0,0,0,0,0.0,.000,7,.389,0,.000,0,86,78,4.3,1558,118,95,0.55,6,0,102,1.2
132258,Toby Delaney,32,32,11,13,0,0,.000,0,.000,0,0,185.0,796,710,183,138,27,2,16,262,95,91,72,2,113,4,4.43,.258,.326,.369,.695,1.38,12.6,5.5,3.5,0.8,1.6,14.2,9.0,5.2,1,8,6,1,1,17,0,0,0,0,0.0,.000,17,.531,1,.031,1,91,77,2.4,2943,200,210,0.49,22,9,90,3.4
134754,David DeLe,43,13,4,11,4,1,.250,3,.750,6,8,103.1,459,407,112,66,19,1,26,211,69,61,42,1,81,3,5.31,.275,.343,.518,.861,1.49,13.7,7.1,3.7,2.3,1.9,17.6,9.2,8.5,1,6,8,0,0,12,30,14,24,6,25.0,.467,3,.231,0,.000,0,39,35,2.7,1712,92,121,0.43,26,2,133,-0.8
127005,Arthur Diez,41,19,6,8,0,0,.000,0,.000,4,4,126.1,553,467,102,62,29,1,10,163,70,65,78,0,108,1,4.63,.218,.328,.349,.677,1.42,12.9,7.7,5.6,0.7,1.4,19.5,14.1,5.4,1,6,5,0,0,4,22,6,13,3,23.1,.273,1,.053,0,.000,0,52,41,2.2,2166,124,134,0.48,1,6,93,1.7
131521,Garrett Doss,32,32,10,13,0,0,.000,0,.000,0,0,204.1,869,791,205,143,26,2,34,337,110,105,62,0,179,7,4.62,.259,.317,.426,.743,1.31,12.1,7.9,2.7,1.5,2.9,20.6,7.1,13.5,4,5,8,0,0,12,0,0,0,0,0.0,.000,16,.500,2,.062,1,99,94,2.9,3182,180,231,0.44,17,9,104,2.3
123187,Bob Downing,82,0,4,8,19,9,.474,10,.526,30,19,140.2,598,545,131,76,25,0,30,246,73,73,43,6,166,6,4.67,.240,.302,.451,.753,1.24,11.5,10.6,2.8,1.9,3.9,27.8,7.2,20.6,2,2,3,0,0,5,82,23,25,14,56.0,.280,0,.000,0,.000,0,27,0,0.0,2255,112,138,0.45,15,1,96,0.7
126718,Julien Dubois,33,33,11,13,0,0,.000,0,.000,0,0,180.2,734,684,155,89,40,2,24,271,95,89,41,0,135,5,4.43,.227,.274,.396,.670,1.08,10.0,6.7,2.0,1.2,3.3,18.4,5.6,12.8,0,4,6,1,0,10,0,0,0,0,0.0,.000,14,.424,0,.000,0,82,86,2.6,2706,178,213,0.46,21,3,89,3.4
123505,Leon Dumfries,52,0,6,7,12,7,.583,5,.417,21,14,93.0,381,353,88,56,18,2,12,146,40,37,22,1,54,4,3.58,.249,.301,.414,.714,1.18,11.0,5.2,2.1,1.2,2.5,14.2,5.8,8.4,2,0,2,2,0,10,52,23,19,6,31.6,.442,0,.000,0,.000,0,26,0,0.0,1352,97,111,0.47,4,1,96,0.6
130438,Dan Duncan,36,36,14,11,0,0,.000,0,.000,0,0,215.0,866,797,185,119,34,1,31,314,91,88,55,0,158,8,3.68,.232,.288,.394,.682,1.12,10.4,6.6,2.3,1.3,2.9,18.2,6.4,11.9,4,2,10,0,0,20,0,0,0,0,0.0,.000,22,.611,0,.000,0,86,111,3.1,3128,225,232,0.49,17,6,95,3.3
127824,Ralph Dunic,63,0,7,4,8,4,.500,4,.500,29,18,80.2,359,301,73,56,12,1,4,99,38,32,51,4,60,1,3.57,.243,.349,.329,.678,1.54,13.9,6.7,5.7,0.4,1.2,16.7,14.2,2.5,1,5,7,0,0,9,63,20,54,20,37.0,.317,0,.000,0,.000,0,21,0,0.0,1348,74,96,0.44,10,0,86,1.1
129215,Phil Durán,32,32,9,10,0,0,.000,0,.000,0,0,188.0,772,693,159,108,33,2,16,244,73,71,61,1,112,11,3.40,.229,.300,.352,.652,1.17,11.1,5.4,2.9,0.8,1.8,14.5,7.9,6.6,3,4,6,1,0,10,0,0,0,0,0.0,.000,17,.531,0,.000,0,87,87,2.7,2814,194,234,0.45,25,7,91,3.4
122836,Frank Edlefse,32,32,14,9,0,0,.000,0,.000,0,0,191.0,797,725,177,124,27,4,22,278,85,80,56,0,97,5,3.77,.244,.300,.383,.683,1.22,11.2,4.6,2.6,1.0,1.7,12.2,7.0,5.1,3,8,4,1,0,11,0,0,0,0,0.0,.000,18,.562,1,.031,1,91,112,3.5,2915,205,250,0.45,31,4,100,2.5
129850,Jeffrey Edwards,67,0,3,11,42,34,.810,8,.190,29,17,71.2,308,276,71,44,13,0,14,126,31,29,26,3,50,4,3.64,.257,.328,.457,.784,1.35,12.7,6.3,3.3,1.8,1.9,16.2,8.4,7.8,0,2,3,0,0,9,67,56,4,0,0.0,.836,0,.000,0,.000,0,16,0,0.0,1128,69,85,0.45,3,1,117,-0.6
132148,Bob effDi,53,0,4,2,4,1,.250,3,.750,7,8,75.0,336,279,62,41,14,1,6,96,37,33,52,5,66,3,3.96,.222,.348,.344,.692,1.52,14.0,7.9,6.2,0.7,1.3,19.6,15.5,4.2,0,2,2,1,0,8,53,17,24,9,37.5,.321,0,.000,0,.000,0,24,0,0.0,1298,79,70,0.53,17,1,99,0.3
130160,Trevor Elst,32,32,10,13,0,0,.000,0,.000,0,0,168.1,736,631,152,93,32,3,24,262,94,86,85,0,126,9,4.60,.241,.335,.415,.750,1.41,13.2,6.7,4.5,1.3,1.5,17.1,11.5,5.6,1,10,8,0,0,10,0,0,0,0,0.0,.000,8,.250,0,.000,0,85,108,3.4,2750,172,182,0.49,27,8,117,0.8
125051,Fred Elías,52,3,3,4,4,2,.500,2,.500,11,6,92.2,411,331,75,47,21,0,7,117,47,47,75,0,71,0,4.56,.227,.366,.353,.719,1.62,14.6,6.9,7.3,0.7,0.9,17.3,18.2,-1.0,1,4,7,1,0,14,49,10,30,14,46.7,.204,2,.667,0,.000,0,29,10,3.3,1527,107,78,0.58,10,1,112,-0.1
134533,Rodrigo Elías,25,18,7,4,0,0,.000,0,.000,1,0,112.2,469,428,103,67,20,3,13,168,55,51,37,0,93,2,4.07,.241,.303,.393,.695,1.24,11.3,7.4,3.0,1.0,2.5,19.8,7.9,11.9,0,2,2,0,0,8,7,0,0,0,0.0,.000,7,.389,2,.111,1,70,61,3.4,1764,109,122,0.47,17,3,89,2.0
131413,Dan Encarnación,30,30,10,6,0,0,.000,0,.000,0,0,162.2,674,596,141,102,27,2,10,202,51,48,64,11,125,5,2.66,.237,.312,.339,.650,1.26,11.6,6.9,3.5,0.6,2.0,18.5,9.5,9.1,0,9,3,0,0,20,0,0,0,0,0.0,.000,7,.233,0,.000,0,80,65,2.2,2427,159,172,0.48,23,6,74,4.4
119899,Darrel English,35,31,11,11,0,0,.000,0,.000,1,0,178.1,762,653,142,93,32,0,17,225,82,78,98,3,130,1,3.94,.217,.317,.345,.662,1.35,12.2,6.6,4.9,0.9,1.3,17.1,12.9,4.2,1,8,7,0,1,19,4,1,2,1,50.0,.250,9,.290,1,.032,0,81,83,2.7,2845,187,193,0.49,20,1,100,2.3
136460,David Espinoza,34,33,10,11,0,0,.000,0,.000,0,0,190.0,793,711,159,114,20,2,23,252,83,78,68,1,175,7,3.69,.224,.296,.354,.651,1.19,11.1,8.3,3.2,1.1,2.6,22.1,8.6,13.5,3,4,10,0,0,12,1,1,1,1,100.0,1.000,16,.485,1,.030,0,87,102,3.1,2975,196,179,0.52,7,4,88,3.6
133848,John Etheridge,12,1,1,1,0,0,.000,0,.000,2,1,19.1,87,79,25,16,6,1,2,39,12,12,7,0,11,0,5.59,.316,.368,.494,.861,1.66,14.9,5.1,3.3,0.9,1.6,12.6,8.0,4.6,0,1,2,0,0,1,11,6,8,1,12.5,.545,0,.000,0,.000,0,26,2,2.0,315,18,26,0.41,2,0,99,0.1
129379,Júlio Fajardo,33,33,10,12,0,0,.000,0,.000,0,0,188.0,802,718,184,130,36,2,16,272,95,88,63,0,127,14,4.21,.256,.326,.379,.705,1.31,12.5,6.1,3.0,0.8,2.0,15.8,7.9,8.0,2,5,8,1,0,19,0,0,0,0,0.0,.000,18,.545,0,.000,0,89,97,2.9,2945,179,228,0.44,12,3,87,3.8
135053,Nathan Falcon,32,32,11,14,0,0,.000,0,.000,0,0,184.2,763,701,178,121,32,1,24,284,88,84,52,1,101,1,4.09,.254,.304,.405,.709,1.25,11.3,4.9,2.5,1.2,1.9,13.2,6.8,6.4,2,7,3,0,0,22,0,0,0,0,0.0,.000,18,.562,1,.031,0,86,81,2.5,2781,236,185,0.56,24,7,98,2.6
129851,Vic Farmer,35,35,11,14,0,0,.000,0,.000,0,0,180.1,760,693,165,112,39,0,14,246,85,78,59,0,121,6,3.89,.238,.303,.355,.658,1.24,11.5,6.0,2.9,0.7,2.1,15.9,7.8,8.2,1,1,7,0,0,10,0,0,0,0,0.0,.000,9,.257,0,.000,0,78,75,2.1,2759,209,192,0.52,23,4,86,3.7
128843,Matt Farr,52,0,4,6,41,34,.829,7,.171,23,10,53.1,227,196,43,28,7,1,7,73,26,26,29,2,47,1,4.39,.219,.322,.372,.694,1.35,12.3,7.9,4.9,1.2,1.6,20.7,12.8,7.9,0,1,5,0,0,4,52,47,6,1,16.7,.904,0,.000,0,.000,0,17,0,0.0,907,51,55,0.48,2,1,99,0.3
117663,Norm Faucett,24,24,6,9,0,0,.000,0,.000,0,0,131.0,548,514,137,79,24,3,31,260,68,67,28,2,110,2,4.60,.267,.305,.506,.811,1.26,11.5,7.6,1.9,2.1,3.9,20.1,5.1,15.0,1,3,2,0,0,11,0,0,0,0,0.0,.000,9,.375,0,.000,0,84,66,2.8,2031,123,143,0.46,4,2,105,1.3
121641,António Feliciano,51,0,2,2,6,5,.833,1,.167,24,7,86.1,355,319,67,48,15,0,4,94,21,19,30,2,64,1,1.98,.210,.278,.295,.572,1.12,10.2,6.7,3.1,0.4,2.1,18.0,8.5,9.6,2,3,0,0,0,6,51,18,33,5,15.2,.353,0,.000,0,.000,0,25,0,0.0,1303,104,85,0.55,3,1,69,1.7
135233,Brandon Ferguson,33,33,15,11,0,0,.000,0,.000,0,0,180.2,746,694,164,108,27,2,27,276,95,83,42,0,152,5,4.13,.236,.283,.398,.681,1.14,10.5,7.6,2.1,1.3,3.6,20.4,5.6,14.7,1,4,6,2,0,17,0,0,0,0,0.0,.000,10,.303,1,.030,1,83,123,3.7,2746,179,187,0.49,6,2,91,3.2
130057,Fraser Fernández,46,0,5,5,8,4,.500,4,.500,14,9,65.2,281,245,53,37,7,0,9,87,31,27,34,7,45,1,3.70,.216,.313,.355,.668,1.32,12.1,6.2,4.7,1.2,1.3,16.0,12.1,3.9,0,1,2,2,0,4,46,13,30,7,23.3,.283,0,.000,0,.000,0,22,0,0.0,1018,84,61,0.58,3,0,104,0.1
132897,Josh Ferris,32,32,6,12,0,0,.000,0,.000,0,0,180.0,772,702,194,116,39,5,34,345,97,93,48,0,123,11,4.65,.276,.329,.491,.821,1.34,12.7,6.2,2.4,1.7,2.6,15.9,6.2,9.7,4,7,6,0,0,13,0,0,0,0,0.0,.000,12,.375,0,.000,0,87,70,2.2,2798,168,224,0.43,7,2,114,1.1
126297,Ken Flowers,33,33,10,11,0,0,.000,0,.000,0,0,175.0,736,661,159,104,23,1,31,277,86,78,59,0,144,7,4.01,.241,.307,.419,.726,1.25,11.6,7.4,3.0,1.6,2.4,19.6,8.0,11.5,2,7,7,0,0,14,0,0,0,0,0.0,.000,10,.303,0,.000,0,82,106,3.2,2738,168,193,0.47,18,3,106,1.8
134779,Lawrence Ford,33,0,1,0,0,0,.000,0,.000,2,2,63.1,293,255,63,34,11,3,15,125,49,42,31,1,30,7,5.97,.247,.345,.490,.835,1.48,14.4,4.3,4.4,2.1,1.0,10.2,10.6,-0.3,0,0,5,0,0,2,33,9,23,6,26.1,.273,0,.000,0,.000,0,33,0,0.0,1103,73,85,0.46,7,0,155,-1.5
121231,Ed Fox,33,33,7,8,0,0,.000,0,.000,0,0,167.1,731,642,156,112,30,1,13,227,78,70,69,3,116,16,3.76,.243,.330,.354,.683,1.34,13.0,6.2,3.7,0.7,1.7,15.9,9.4,6.4,0,4,10,1,0,12,0,0,0,0,0.0,.000,6,.182,0,.000,0,80,66,2.0,2672,189,177,0.52,24,2,91,3.0
128932,Nathan Franco,33,33,17,9,0,0,.000,0,.000,0,0,217.1,873,807,182,130,34,3,15,267,78,73,49,0,144,7,3.02,.226,.273,.331,.604,1.06,9.9,6.0,2.0,0.6,2.9,16.5,5.6,10.9,2,8,6,0,0,18,0,0,0,0,0.0,.000,22,.667,2,.061,2,95,131,4.0,3162,234,244,0.49,12,6,74,6.0
133464,Richie Franklin,54,0,7,1,5,4,.800,1,.200,25,5,61.1,225,209,28,17,6,0,5,49,10,9,15,4,67,0,1.32,.134,.191,.234,.426,0.70,6.3,9.8,2.2,0.7,4.5,29.8,6.7,23.1,0,1,3,1,0,2,54,30,34,8,23.5,.556,0,.000,0,.000,0,15,0,0.0,853,48,66,0.42,2,0,52,2.1
125573,Tom Franklin,33,33,15,7,0,0,.000,0,.000,0,0,202.1,817,756,169,114,32,1,22,269,78,77,58,5,179,0,3.43,.224,.278,.356,.634,1.12,10.1,8.0,2.6,1.0,3.1,21.9,7.1,14.8,0,3,6,0,0,12,0,0,0,0,0.0,.000,19,.576,0,.000,0,93,110,3.3,3079,206,196,0.51,10,9,77,5.2
118672,Adrien François,72,0,9,9,11,7,.636,4,.364,34,18,110.0,461,423,104,66,27,0,11,164,49,44,31,1,76,3,3.60,.246,.299,.388,.687,1.23,11.3,6.2,2.5,0.9,2.5,16.5,6.7,9.8,0,4,5,1,0,7,72,19,33,9,27.3,.264,0,.000,0,.000,0,23,0,0.0,1725,124,117,0.51,6,2,85,1.5
126067,Russell Frost,32,32,8,9,0,0,.000,0,.000,0,0,156.1,656,599,149,106,23,2,18,230,76,71,51,0,112,3,4.09,.249,.309,.384,.693,1.28,11.7,6.4,2.9,1.0,2.2,17.1,7.8,9.3,0,3,3,1,0,22,0,0,0,0,0.0,.000,10,.312,0,.000,0,79,88,2.8,2542,153,178,0.46,15,5,90,2.9
133174,George García,35,35,16,6,0,0,.000,0,.000,0,0,208.0,875,785,177,127,27,6,17,267,88,77,70,0,164,12,3.33,.225,.297,.340,.637,1.19,11.2,7.1,3.0,0.7,2.3,18.7,8.0,10.7,2,6,6,2,0,17,0,0,0,0,0.0,.000,17,.486,0,.000,0,92,146,4.2,3245,200,240,0.45,14,1,81,4.8
133939,Greg García,29,0,3,2,0,0,.000,0,.000,6,7,73.2,316,293,77,43,14,1,19,150,44,41,17,2,62,2,5.01,.263,.305,.512,.817,1.28,11.7,7.6,2.1,2.3,3.6,19.6,5.4,14.2,0,3,7,1,1,3,29,6,27,9,33.3,.207,0,.000,0,.000,0,39,0,0.0,1141,76,79,0.49,3,0,126,-0.7
121558,Rich García,58,1,1,4,5,3,.750,1,.200,4,10,135.0,624,544,155,101,25,3,26,264,96,79,66,0,92,6,5.27,.285,.364,.485,.850,1.64,15.1,6.1,4.4,1.7,1.4,14.7,10.6,4.2,0,7,5,0,1,10,57,15,47,18,38.3,.263,0,.000,0,.000,0,41,1,1.0,2402,161,134,0.55,12,3,128,-1.4
126996,Salvador García,17,0,2,2,6,2,.500,2,.333,6,4,32.2,138,118,26,15,4,0,7,51,17,16,19,4,27,1,4.41,.220,.333,.432,.766,1.38,12.7,7.4,5.2,1.9,1.4,19.6,13.8,5.8,0,0,2,0,0,6,17,8,15,2,13.3,.471,0,.000,0,.000,0,29,0,0.0,493,40,23,0.63,4,1,131,-0.5
126145,Dave Garza,54,0,5,3,19,14,.737,5,.263,15,10,58.0,239,215,47,24,12,0,11,92,27,22,17,1,38,5,3.41,.219,.289,.428,.717,1.10,10.7,5.9,2.6,1.7,2.2,15.9,7.1,8.8,0,2,1,0,0,4,54,38,23,10,43.5,.704,0,.000,0,.000,0,16,0,0.0,907,57,73,0.44,2,2,116,-0.4
125826,Justin Gibbons,52,0,1,1,3,0,.000,3,1.000,17,12,80.2,348,312,84,50,17,1,16,151,52,52,33,1,72,1,5.80,.269,.339,.484,.823,1.45,13.2,8.0,3.7,1.8,2.2,20.7,9.5,11.2,0,2,2,0,0,9,52,12,39,11,28.2,.231,0,.000,0,.000,0,24,0,0.0,1290,72,84,0.46,2,3,108,-0.1
129117,John Gibson,35,0,3,1,5,2,.400,3,.600,13,5,44.1,179,158,30,16,9,0,5,54,15,14,19,0,51,2,2.84,.190,.285,.342,.627,1.11,10.4,10.4,3.9,1.0,2.7,28.5,10.6,17.9,0,0,1,0,0,3,35,8,16,3,18.8,.229,0,.000,0,.000,0,19,0,0.0,684,37,39,0.49,5,0,79,0.6
128824,Joe Gilbert,59,0,1,5,8,7,.875,1,.125,16,12,58.1,271,232,65,48,7,1,9,101,31,31,36,3,48,0,4.78,.280,.373,.435,.808,1.73,15.6,7.4,5.6,1.4,1.3,17.7,13.3,4.4,0,3,1,0,0,4,59,32,41,15,36.6,.542,0,.000,0,.000,0,17,0,0.0,1017,50,69,0.42,8,1,111,-0.2
132802,Chet Gilliam,34,34,8,11,0,0,.000,0,.000,0,0,194.2,844,736,201,137,41,0,23,311,106,102,92,0,109,2,4.72,.273,.352,.423,.775,1.51,13.6,5.0,4.3,1.1,1.2,12.9,10.9,2.0,7,7,9,3,0,26,0,0,0,0,0.0,.000,14,.412,0,.000,0,91,82,2.4,3115,221,214,0.51,15,8,111,1.5
121845,Gerardo Gonzáles,30,24,9,8,3,1,.500,1,.333,1,1,151.1,616,557,128,93,18,0,17,197,58,57,50,0,120,4,3.39,.230,.298,.354,.652,1.18,10.8,7.1,3.0,1.0,2.4,19.5,8.1,11.4,5,0,3,1,0,22,6,6,2,1,50.0,1.000,14,.583,0,.000,0,75,53,2.2,2254,166,145,0.53,2,2,93,2.4
129261,Félix González,34,26,6,11,0,0,.000,0,.000,3,3,132.1,575,520,141,85,28,4,24,249,83,82,37,1,109,11,5.58,.271,.330,.479,.809,1.35,12.9,7.4,2.5,1.6,2.9,19.0,6.4,12.5,2,5,8,1,0,8,8,0,6,1,16.7,.000,4,.154,0,.000,0,60,81,3.1,2051,121,154,0.44,12,5,103,1.4
134854,Pedro González,31,29,14,8,0,0,.000,0,.000,1,0,200.0,821,732,166,113,26,6,21,267,83,80,65,0,167,12,3.60,.227,.297,.365,.662,1.16,10.9,7.5,2.9,0.9,2.6,20.3,7.9,12.4,3,9,8,1,0,17,2,2,1,0,0.0,1.000,18,.621,0,.000,0,96,114,3.9,3002,216,190,0.53,11,4,88,3.8
126882,José Graza,17,1,4,2,0,0,.000,0,.000,6,3,41.1,181,148,34,19,10,0,5,59,20,19,30,0,24,0,4.14,.230,.354,.399,.752,1.55,13.9,5.2,6.5,1.1,0.8,13.3,16.6,-3.3,0,3,3,0,0,7,16,4,13,2,15.4,.250,0,.000,0,.000,0,40,0,0.0,692,35,56,0.38,5,1,125,-0.3
134737,Keith Green,73,0,7,8,15,7,.467,8,.533,23,16,104.0,429,407,105,69,17,3,16,176,45,37,14,2,49,4,3.20,.258,.288,.432,.720,1.14,10.6,4.2,1.2,1.4,3.5,11.4,3.3,8.2,2,2,1,0,0,7,73,43,26,13,50.0,.589,0,.000,0,.000,0,20,0,0.0,1489,114,138,0.45,10,1,101,0.3
132262,Norman Green,31,31,9,9,0,0,.000,0,.000,0,0,153.1,658,591,142,103,19,0,20,221,79,72,57,1,112,6,4.23,.240,.312,.374,.686,1.30,12.0,6.6,3.3,1.2,2.0,17.0,8.7,8.4,1,3,3,1,0,11,0,0,0,0,0.0,.000,6,.194,0,.000,0,77,75,2.4,2415,167,166,0.50,11,2,98,2.2
123728,Palmer Green Jr.,61,0,6,1,4,0,.000,4,1.000,16,9,89.0,363,327,79,55,15,0,9,121,32,30,30,0,79,2,3.03,.242,.307,.370,.677,1.22,11.2,8.0,3.0,0.9,2.6,21.8,8.3,13.5,1,3,4,2,0,10,61,16,46,16,34.8,.262,0,.000,0,.000,0,23,0,0.0,1404,75,95,0.44,5,1,78,1.3
132355,Albert Gri,66,0,2,4,45,42,.933,3,.067,27,8,76.1,303,271,54,42,6,0,6,78,20,19,28,1,50,1,2.24,.199,.275,.288,.563,1.07,9.8,5.9,3.3,0.7,1.8,16.5,9.2,7.3,1,2,4,0,0,11,66,55,21,11,52.4,.833,0,.000,0,.000,0,17,0,0.0,1123,87,81,0.52,3,0,84,1.2
134256,Gabe Griffith,38,18,10,7,9,9,1.000,0,.000,9,2,148.0,611,547,120,85,22,2,11,179,60,56,44,1,108,12,3.41,.219,.289,.327,.616,1.11,10.7,6.6,2.7,0.7,2.5,17.7,7.2,10.5,1,7,8,1,0,9,20,16,6,3,50.0,.800,12,.667,2,.111,1,58,72,4.0,2214,178,144,0.55,19,4,85,2.7
128438,Augusto Guia,32,32,10,12,0,0,.000,0,.000,0,0,194.1,825,746,178,115,38,4,21,287,95,87,62,0,140,12,4.03,.239,.307,.385,.691,1.23,11.7,6.5,2.9,1.0,2.3,17.0,7.5,9.5,3,2,9,1,0,17,0,0,0,0,0.0,.000,18,.562,1,.031,1,94,101,3.2,3032,187,231,0.45,15,7,90,3.6
126744,Flynn Gunter,40,11,3,6,2,2,1.000,0,.000,7,5,84.2,369,314,68,39,9,1,19,136,49,46,48,0,57,6,4.89,.217,.332,.433,.765,1.37,13.0,6.1,5.1,2.0,1.2,15.4,13.0,2.4,1,0,4,0,0,7,29,15,15,5,33.3,.517,1,.091,0,.000,0,35,34,3.1,1401,76,106,0.42,8,1,145,-1.2
133722,Will Gunther,50,0,2,4,4,1,.250,3,.750,18,10,70.1,282,255,56,39,15,1,1,76,17,15,19,1,48,3,1.92,.220,.280,.298,.578,1.07,10.0,6.1,2.4,0.1,2.5,17.0,6.7,10.3,3,2,4,0,0,7,50,12,41,13,31.7,.240,0,.000,0,.000,0,21,0,0.0,1088,71,82,0.46,10,2,59,2.0
128774,Melvin Guzmán,16,16,9,3,0,0,.000,0,.000,0,0,99.1,415,392,111,78,18,0,15,174,42,42,22,0,91,1,3.81,.283,.323,.444,.767,1.34,12.1,8.2,2.0,1.4,4.1,21.9,5.3,16.6,0,0,1,0,0,12,0,0,0,0,0.0,.000,9,.562,1,.062,0,96,68,4.2,1549,97,92,0.51,7,3,89,1.9
133935,Cenk Gökalp,32,32,11,7,0,0,.000,0,.000,0,0,172.1,782,699,195,135,33,2,25,307,111,101,77,0,108,4,5.27,.279,.353,.439,.793,1.58,14.4,5.6,4.0,1.3,1.4,13.8,9.8,4.0,1,1,2,0,0,17,0,0,0,0,0.0,.000,10,.312,0,.000,0,89,122,3.8,2868,215,173,0.55,33,2,111,1.3
119789,Stanley Hadden,30,30,11,9,0,0,.000,0,.000,0,0,175.1,769,685,189,139,27,4,19,281,99,85,69,0,151,1,4.36,.276,.339,.410,.750,1.47,13.3,7.8,3.5,1.0,2.2,19.6,9.0,10.7,6,8,6,0,0,19,0,0,0,0,0.0,.000,16,.533,3,.100,2,97,104,3.5,2914,166,184,0.47,23,7,90,3.2
133235,Kazuhiro Hagiwara,46,0,1,4,10,7,.778,2,.200,13,10,49.0,227,188,52,35,10,0,7,83,34,34,31,6,51,5,6.24,.277,.388,.441,.829,1.69,16.2,9.4,5.7,1.3,1.6,22.5,13.7,8.8,0,3,4,1,0,5,46,29,22,7,31.8,.630,0,.000,0,.000,0,19,0,0.0,891,37,50,0.43,5,0,103,0.1
126142,Jared Hahn,30,27,9,13,0,0,.000,0,.000,1,0,146.1,667,566,143,100,25,1,17,221,94,90,88,8,94,9,5.54,.253,.360,.390,.750,1.58,14.8,5.8,5.4,1.0,1.1,14.1,13.2,0.9,0,4,8,0,0,9,3,0,2,2,100.0,.000,3,.111,0,.000,0,83,87,3.2,2518,143,188,0.43,15,3,112,1.0
132579,George Hairston,33,33,17,7,0,0,.000,0,.000,0,0,184.0,785,707,176,131,30,3,12,248,84,78,59,5,126,8,3.82,.249,.310,.351,.661,1.28,11.9,6.2,2.9,0.6,2.1,16.1,7.5,8.5,2,9,7,2,0,15,0,0,0,0,0.0,.000,12,.364,1,.030,0,85,114,3.5,2837,195,208,0.48,8,2,76,4.8
129921,Dave Hale,33,33,11,11,0,0,.000,0,.000,0,0,186.1,819,732,198,137,43,3,15,292,104,93,77,0,132,6,4.49,.270,.344,.399,.742,1.48,13.6,6.4,3.7,0.7,1.7,16.1,9.4,6.7,1,3,2,0,0,24,0,0,0,0,0.0,.000,18,.545,0,.000,0,93,110,3.3,3085,218,179,0.55,29,5,88,3.6
130774,Carl Hall,37,25,8,7,0,0,.000,0,.000,1,2,162.1,670,603,147,96,23,0,28,254,81,80,54,1,95,6,4.44,.244,.311,.421,.732,1.24,11.5,5.3,3.0,1.6,1.8,14.2,8.1,6.1,3,3,7,0,1,17,12,4,10,3,30.0,.333,10,.400,0,.000,0,67,74,3.0,2497,191,175,0.52,21,5,108,1.2
126422,Ross Hamilton,5,5,0,2,0,0,.000,0,.000,0,0,21.2,90,82,18,8,3,0,7,42,17,17,8,0,20,0,7.06,.220,.289,.512,.801,1.20,10.8,8.3,3.3,2.9,2.5,22.2,8.9,13.3,0,0,0,0,0,2,0,0,0,0,0.0,.000,2,.400,0,.000,0,72,13,2.6,361,25,18,0.58,2,0,152,-0.2
125772,Ken Hampton,29,21,8,9,0,0,.000,0,.000,2,3,130.1,579,520,149,99,26,1,23,246,85,80,47,0,115,3,5.52,.287,.345,.473,.818,1.50,13.7,7.9,3.2,1.6,2.4,19.9,8.1,11.7,2,7,5,0,0,8,8,2,8,3,37.5,.250,8,.381,0,.000,0,71,68,3.2,2059,128,133,0.49,5,5,110,0.9
133598,Woody Hanna,33,20,6,9,6,6,1.000,0,.000,11,1,117.1,515,468,124,72,20,0,32,240,81,78,39,2,91,5,5.98,.265,.327,.513,.840,1.39,12.9,7.0,3.0,2.5,2.3,17.7,7.6,10.1,1,2,3,0,0,5,13,9,10,2,20.0,.692,6,.300,0,.000,0,57,62,3.1,1885,108,143,0.43,20,2,143,-1.1
131197,Derrick Hansen,63,0,8,5,46,39,.848,7,.152,32,12,62.0,251,225,49,30,7,2,10,90,28,26,17,3,56,4,3.77,.218,.280,.400,.680,1.06,10.2,8.1,2.5,1.5,3.3,22.3,6.8,15.5,1,4,3,0,0,6,63,54,10,0,0.0,.857,0,.000,0,.000,0,14,0,0.0,930,61,62,0.50,3,1,86,1.0
128466,Gary Hargrove,43,8,4,8,6,2,.333,4,.667,12,9,86.1,382,343,90,53,15,2,20,169,55,53,33,0,62,5,5.53,.262,.335,.493,.828,1.42,13.3,6.5,3.4,2.1,1.9,16.2,8.6,7.6,0,1,3,0,0,4,35,8,20,6,30.0,.229,2,.250,0,.000,0,33,14,1.8,1456,88,101,0.47,3,1,132,-0.8
133872,Rich Harrington,37,4,3,4,2,0,.000,2,1.000,7,4,87.0,365,324,71,53,12,1,5,100,35,29,36,1,64,4,3.00,.219,.304,.309,.613,1.23,11.5,6.6,3.7,0.5,1.8,17.5,9.9,7.7,0,1,2,0,0,6,33,12,24,9,37.5,.364,2,.500,0,.000,0,38,9,2.2,1409,96,90,0.52,9,1,88,1.0
128049,Ken Harris,33,28,15,5,0,0,.000,0,.000,1,2,210.1,863,768,157,118,21,3,15,229,68,63,78,0,163,9,2.70,.204,.285,.298,.583,1.12,10.4,7.0,3.3,0.6,2.1,18.9,9.0,9.8,6,2,6,1,0,21,5,1,1,0,0.0,.200,21,.750,2,.071,0,94,119,4.2,3131,255,186,0.58,29,3,82,4.6
121352,Fred Harrison,52,0,3,7,33,28,.848,5,.152,21,11,54.1,235,192,36,21,5,0,10,71,29,28,31,3,67,9,4.64,.188,.323,.370,.693,1.23,12.6,11.1,5.1,1.7,2.2,28.5,13.2,15.3,0,3,4,0,0,5,52,41,19,8,42.1,.788,0,.000,0,.000,0,18,0,0.0,937,51,39,0.57,2,0,111,-0.2
131487,Bobby Hartley,33,33,10,10,0,0,.000,0,.000,0,0,169.1,715,649,161,117,24,1,19,244,67,64,56,0,98,4,3.40,.248,.310,.376,.686,1.28,11.7,5.2,3.0,1.0,1.8,13.7,7.8,5.9,2,4,9,0,0,15,0,0,0,0,0.0,.000,8,.242,0,.000,0,81,89,2.7,2701,189,196,0.49,19,5,97,2.4
126216,Kyle Hastings,83,0,9,6,8,2,.250,6,.750,21,16,98.2,423,387,101,57,20,2,22,191,58,55,30,8,96,4,5.02,.261,.319,.494,.813,1.33,12.3,8.8,2.7,2.0,3.2,22.7,7.1,15.6,0,2,7,0,0,9,83,20,69,23,33.3,.241,0,.000,0,.000,0,18,0,0.0,1530,77,112,0.41,11,0,105,0.1
125544,Ernest Hatfield,69,0,3,4,4,0,.000,4,1.000,13,15,99.0,420,375,85,48,13,2,22,168,56,49,37,3,97,3,4.45,.227,.298,.448,.746,1.23,11.4,8.8,3.4,2.0,2.6,23.1,8.8,14.3,0,5,1,0,0,2,69,23,65,22,33.8,.333,0,.000,0,.000,0,22,0,0.0,1580,84,108,0.44,9,2,110,-0.2
130155,Robby Hathaway,14,0,1,0,0,0,.000,0,.000,2,2,5.2,21,19,2,2,0,0,0,2,2,2,2,0,6,0,3.18,.105,.190,.105,.296,0.71,6.4,9.5,3.2,0.0,3.0,28.6,9.5,19.0,0,0,0,0,0,0,14,2,9,0,0.0,.143,0,.000,0,.000,0,5,0,0.0,76,4,7,0.36,0,0,40,0.2
128163,David Hays,52,0,6,2,3,2,.667,1,.333,17,6,95.2,403,347,77,60,15,0,2,98,36,32,52,11,73,1,3.01,.222,.323,.282,.605,1.35,12.2,6.9,4.9,0.2,1.4,18.1,12.9,5.2,0,3,2,0,0,7,52,22,48,9,18.8,.423,0,.000,0,.000,0,28,0,0.0,1482,99,97,0.51,12,3,68,2.0
119730,John Heinz II,33,33,12,9,0,0,.000,0,.000,0,0,199.1,833,760,190,126,42,0,22,298,91,86,63,1,118,6,3.88,.250,.311,.392,.703,1.27,11.7,5.3,2.8,1.0,1.9,14.2,7.6,6.6,0,4,6,1,0,20,0,0,0,0,0.0,.000,19,.576,0,.000,0,94,134,4.1,3119,222,226,0.50,33,6,96,3.1
122863,Vincent Henbrooke,20,20,7,9,0,0,.000,0,.000,0,0,111.2,470,423,97,60,21,1,15,165,65,64,37,0,82,4,5.16,.229,.294,.390,.684,1.20,11.1,6.6,3.0,1.2,2.2,17.4,7.9,9.6,1,5,3,0,0,6,0,0,0,0,0.0,.000,8,.400,0,.000,0,88,55,2.8,1778,131,116,0.53,12,0,98,1.6
123151,Joe Henderson,65,0,6,3,7,3,.429,4,.571,20,11,64.1,269,240,54,31,11,0,12,101,30,30,24,0,57,1,4.20,.225,.295,.421,.716,1.21,11.1,8.0,3.4,1.7,2.4,21.2,8.9,12.3,1,3,2,0,0,5,65,13,32,10,31.2,.200,0,.000,0,.000,0,15,0,0.0,1037,59,71,0.45,5,1,106,0.0
129753,Lucas Henderson,34,0,7,1,1,0,.000,1,1.000,7,3,62.2,269,244,65,42,10,0,13,114,34,33,22,1,30,1,4.74,.266,.327,.467,.794,1.39,12.6,4.3,3.2,1.9,1.4,11.2,8.2,3.0,0,2,4,1,0,7,34,12,27,8,29.6,.353,0,.000,0,.000,0,28,0,0.0,961,72,76,0.49,7,1,129,-0.7
134347,Ed Hensley,30,12,6,7,2,1,.500,1,.500,6,2,87.2,387,343,91,66,13,2,10,138,51,42,36,0,62,4,4.31,.265,.340,.402,.743,1.45,13.4,6.4,3.7,1.0,1.7,16.0,9.3,6.7,2,2,6,0,0,7,18,9,13,4,30.8,.500,4,.333,0,.000,0,47,32,2.7,1434,89,99,0.47,2,2,103,0.7
136858,Carlos Hernández,62,0,6,6,42,38,.905,4,.095,30,10,69.0,283,257,62,44,13,2,3,88,22,22,19,5,51,3,2.87,.241,.298,.342,.640,1.17,11.0,6.7,2.5,0.4,2.7,18.0,6.7,11.3,1,3,0,0,0,5,62,55,13,1,7.7,.887,0,.000,0,.000,0,15,0,0.0,957,63,84,0.43,0,1,59,2.7
133367,Fernando Hernández,33,33,10,10,0,0,.000,0,.000,0,0,190.2,796,718,170,125,27,1,17,250,86,81,63,0,138,9,3.82,.237,.305,.348,.653,1.22,11.4,6.5,3.0,0.8,2.2,17.3,7.9,9.4,2,4,6,3,0,13,0,0,0,0,0.0,.000,17,.515,1,.030,1,89,96,2.9,2947,196,213,0.48,15,6,86,3.9
136389,Manuel Hernández,42,0,3,2,5,4,.800,1,.200,17,8,71.0,305,244,50,30,13,1,6,83,23,20,49,2,51,7,2.54,.205,.350,.340,.690,1.39,13.4,6.5,6.2,0.8,1.0,16.7,16.1,0.7,2,3,0,0,0,12,42,17,29,15,51.7,.405,0,.000,0,.000,0,28,0,0.0,1187,72,74,0.49,9,4,110,-0.1
136572,Víctor Hernández,60,2,13,5,32,30,.938,2,.062,31,7,88.2,361,328,70,45,17,0,8,111,27,23,27,0,59,3,2.33,.213,.278,.338,.616,1.09,10.2,6.0,2.7,0.8,2.2,16.3,7.5,8.9,1,2,3,0,0,5,58,48,16,3,18.8,.828,2,1.000,0,.000,0,21,8,4.0,1299,95,104,0.48,4,1,90,1.0
128204,Robert Hester,11,11,1,4,0,0,.000,0,.000,0,0,46.0,213,188,54,38,10,1,5,81,30,26,18,0,40,5,5.09,.287,.363,.431,.794,1.57,15.1,7.8,3.5,1.0,2.2,18.8,8.5,10.3,1,1,1,1,0,4,0,0,0,0,0.0,.000,2,.182,0,.000,0,73,23,2.1,806,58,34,0.63,10,1,91,0.8
129238,Tim Hickman,33,28,11,8,0,0,.000,0,.000,1,1,148.1,636,537,114,80,17,2,15,180,70,58,83,0,89,8,3.52,.212,.324,.335,.660,1.33,12.4,5.4,5.0,0.9,1.1,14.0,13.1,0.9,4,4,5,1,0,17,5,2,7,0,0.0,.400,8,.286,0,.000,0,71,75,2.7,2368,167,167,0.50,17,7,116,0.7
121596,Brad Higgins,25,25,10,7,0,0,.000,0,.000,0,0,144.1,606,539,130,84,28,0,18,212,69,65,57,0,110,5,4.05,.241,.317,.393,.711,1.30,12.0,6.9,3.6,1.1,1.9,18.2,9.4,8.7,1,4,9,0,0,17,0,0,0,0,0.0,.000,9,.360,1,.040,0,90,81,3.2,2250,155,142,0.52,4,6,94,2.3
133520,Mike Higgins,33,33,13,12,0,0,.000,0,.000,0,0,183.2,769,708,180,107,36,3,34,324,108,98,47,0,126,6,4.80,.254,.304,.458,.761,1.24,11.4,6.2,2.3,1.7,2.7,16.4,6.1,10.3,2,6,4,0,0,16,0,0,0,0,0.0,.000,17,.515,1,.030,1,85,120,3.6,2820,206,197,0.51,5,4,110,1.5
134913,Adam Hill,32,32,15,10,0,0,.000,0,.000,0,0,183.2,791,718,188,127,32,3,26,304,85,73,65,1,134,2,3.58,.262,.323,.423,.747,1.38,12.5,6.6,3.2,1.3,2.1,16.9,8.2,8.7,2,4,7,1,0,23,0,0,0,0,0.0,.000,17,.531,0,.000,0,93,118,3.7,2986,206,181,0.53,23,3,93,3.1
128570,Kade Hill,32,32,9,13,0,0,.000,0,.000,0,0,161.2,717,638,174,124,25,3,22,271,88,86,65,3,119,8,4.79,.273,.345,.425,.770,1.48,13.8,6.6,3.6,1.2,1.8,16.6,9.1,7.5,2,4,5,0,0,16,0,0,0,0,0.0,.000,9,.281,0,.000,0,82,81,2.5,2633,186,159,0.54,16,2,102,1.9
130179,Roosevelt Hill,35,20,10,5,0,0,.000,0,.000,4,1,143.2,600,548,130,85,25,2,18,213,63,58,36,0,92,11,3.63,.237,.296,.389,.685,1.16,11.1,5.8,2.3,1.1,2.6,15.3,6.0,9.3,2,3,3,1,0,10,15,5,5,3,60.0,.333,9,.450,0,.000,0,62,50,2.5,2192,138,186,0.43,8,3,101,1.5
127472,Albert Hodge,38,1,4,2,0,0,.000,0,.000,5,4,63.2,282,252,66,44,11,0,11,110,31,28,30,1,51,0,3.96,.262,.340,.437,.777,1.51,13.6,7.2,4.2,1.6,1.7,18.1,10.6,7.4,0,0,2,0,0,5,37,14,35,18,51.4,.378,0,.000,0,.000,0,29,0,0.0,1116,67,64,0.51,2,0,114,-0.2
126077,John Hodges,33,33,8,13,0,0,.000,0,.000,0,0,155.2,661,591,140,85,20,2,33,263,93,86,61,0,114,6,4.97,.237,.314,.445,.759,1.29,12.0,6.6,3.5,1.9,1.9,17.2,9.2,8.0,1,2,9,0,0,16,0,0,0,0,0.0,.000,4,.121,0,.000,0,73,96,2.9,2435,142,190,0.43,9,3,126,0.1
127375,Chet Holland,63,0,2,9,43,37,.860,6,.140,28,14,60.1,284,244,71,49,11,0,11,115,35,34,33,6,50,4,5.07,.291,.382,.471,.853,1.72,16.1,7.5,4.9,1.6,1.5,17.6,11.6,6.0,1,2,1,1,0,5,63,52,9,5,55.6,.825,0,.000,0,.000,0,16,0,0.0,1020,59,67,0.47,3,0,117,-0.5
133453,Computer Hoover,33,23,7,20,0,0,.000,0,.000,0,0,165.1,729,644,169,113,25,1,30,286,103,99,65,2,141,9,5.39,.262,.335,.444,.779,1.42,13.2,7.7,3.5,1.6,2.2,19.3,8.9,10.4,3,8,9,0,0,12,10,0,4,0,0.0,.000,8,.348,0,.000,0,83,41,1.8,2745,147,191,0.43,35,3,110,1.2
133678,Wilbur Hoover,38,8,8,5,10,9,.900,1,.100,9,4,88.2,371,334,84,49,22,0,13,145,42,42,35,3,79,0,4.26,.251,.322,.434,.757,1.34,12.1,8.0,3.6,1.3,2.3,21.3,9.4,11.9,2,0,5,0,0,8,30,22,11,5,45.5,.733,5,.625,0,.000,0,35,20,2.5,1361,82,91,0.47,6,2,98,0.8
132273,Jack Hopkins,32,24,9,9,1,0,.000,1,1.000,1,1,165.0,675,611,141,101,25,2,13,209,68,63,46,0,122,14,3.44,.231,.298,.342,.640,1.13,11.0,6.7,2.5,0.7,2.7,18.1,6.8,11.3,1,3,5,3,0,18,8,4,8,2,25.0,.500,15,.625,0,.000,0,77,72,3.0,2483,188,159,0.54,23,6,85,3.3
135835,Adelbert Hoppe,41,0,5,5,7,2,.400,3,.429,5,5,66.2,287,250,65,46,15,0,4,92,34,31,26,2,28,7,4.18,.260,.341,.368,.709,1.36,13.2,3.8,3.5,0.5,1.1,9.8,9.1,0.7,0,4,3,1,0,9,41,17,34,13,38.2,.415,0,.000,0,.000,0,26,0,0.0,1087,70,87,0.45,1,2,95,0.4
130042,Julian Hopper,33,33,11,8,0,0,.000,0,.000,0,0,174.1,705,649,145,100,28,0,17,224,65,62,42,0,133,10,3.20,.223,.280,.345,.625,1.07,10.2,6.9,2.2,0.9,3.2,18.9,6.0,12.9,1,3,1,0,0,14,0,0,0,0,0.0,.000,9,.273,1,.030,1,77,68,2.1,2570,186,185,0.50,12,5,80,4.1
131104,Tim Hopper,33,25,14,6,0,0,.000,0,.000,1,1,191.0,788,722,180,122,34,5,19,281,74,69,58,0,131,4,3.25,.249,.307,.389,.697,1.25,11.4,6.2,2.7,0.9,2.3,16.6,7.4,9.3,1,3,3,0,0,21,8,2,11,2,18.2,.250,15,.600,1,.040,0,86,101,4.0,2853,198,210,0.49,22,9,91,3.2
127379,Gordon Howell,46,0,6,3,2,1,.500,1,.500,11,8,72.0,308,271,59,41,11,2,5,89,22,21,31,2,64,3,2.62,.218,.303,.328,.631,1.25,11.6,8.0,3.9,0.6,2.1,20.8,10.1,10.7,1,2,2,0,0,1,46,18,35,13,37.1,.391,0,.000,0,.000,0,25,0,0.0,1178,74,75,0.50,4,0,77,1.1
129693,Duane Hubbard,69,0,5,3,4,1,.250,3,.750,18,12,90.1,407,349,92,61,11,3,17,160,57,53,54,1,80,1,5.28,.264,.361,.458,.820,1.62,14.6,8.0,5.4,1.7,1.5,19.7,13.3,6.4,0,3,6,1,0,9,69,21,51,20,39.2,.304,0,.000,0,.000,0,23,0,0.0,1615,77,100,0.44,5,2,121,-0.7
134243,Isaac Hudson,27,27,13,8,0,0,.000,0,.000,0,0,159.2,635,581,127,85,23,2,17,205,55,54,44,1,119,4,3.04,.219,.276,.353,.629,1.07,9.9,6.7,2.5,1.0,2.7,18.7,6.9,11.8,1,5,3,0,0,17,0,0,0,0,0.0,.000,17,.630,0,.000,0,86,96,3.6,2329,181,156,0.54,12,3,82,3.6
137829,Sergio Huerta,31,31,11,11,0,0,.000,0,.000,0,0,203.0,825,755,165,114,28,3,20,259,75,73,55,0,217,10,3.24,.219,.279,.343,.622,1.08,10.2,9.6,2.4,0.9,3.9,26.3,6.7,19.6,0,5,4,0,0,16,0,0,0,0,0.0,.000,24,.774,3,.097,2,97,101,3.3,3014,191,178,0.52,12,7,70,6.0
130260,Dennis Hughes,24,0,2,1,2,1,1.000,0,.000,3,6,46.0,206,178,45,30,8,1,6,73,28,23,26,0,40,1,4.50,.253,.350,.410,.760,1.54,14.1,7.8,5.1,1.2,1.5,19.4,12.6,6.8,0,1,1,0,0,4,24,9,18,6,33.3,.375,0,.000,0,.000,0,31,0,0.0,752,47,43,0.52,3,1,104,0.1
125950,Dan Hull,60,0,4,2,5,3,.600,2,.400,18,8,95.1,412,353,76,47,8,1,20,146,47,46,45,8,76,8,4.34,.215,.315,.414,.729,1.27,12.2,7.2,4.2,1.9,1.7,18.4,10.9,7.5,3,3,3,0,0,5,60,25,45,13,28.9,.417,0,.000,0,.000,0,25,0,0.0,1540,98,105,0.48,5,0,124,-0.9
129027,Lou Humphrey,47,0,6,6,6,3,.500,3,.500,13,10,80.0,321,296,66,38,15,2,11,118,31,31,22,1,62,1,3.49,.223,.277,.399,.676,1.10,10.0,7.0,2.5,1.2,2.8,19.3,6.9,12.5,0,2,5,0,0,6,47,16,36,8,22.2,.340,0,.000,0,.000,0,25,0,0.0,1190,79,89,0.47,8,4,92,0.6
120474,Claude Huneycutt,60,0,4,7,8,5,.625,3,.375,27,12,66.1,281,236,42,30,5,1,6,67,21,21,39,3,66,6,2.85,.178,.310,.284,.594,1.22,11.8,9.0,5.3,0.8,1.7,23.5,13.9,9.6,0,0,3,0,0,5,60,31,43,11,25.6,.517,0,.000,0,.000,0,17,0,0.0,1048,69,56,0.55,1,2,92,0.6
125007,Bob Hunt,32,32,12,12,0,0,.000,0,.000,0,0,158.0,677,605,161,109,36,4,12,241,72,71,60,0,125,5,4.04,.266,.335,.398,.734,1.40,12.9,7.1,3.4,0.7,2.1,18.5,8.9,9.6,3,4,3,0,0,20,0,0,0,0,0.0,.000,7,.219,0,.000,0,78,79,2.5,2515,154,169,0.48,9,1,79,3.9
134681,Shane Isham,31,31,11,12,0,0,.000,0,.000,0,0,173.0,748,676,178,128,26,4,20,272,99,93,54,1,97,8,4.84,.263,.323,.402,.725,1.34,12.5,5.0,2.8,1.0,1.8,13.0,7.2,5.7,2,6,8,1,2,13,0,0,0,0,0.0,.000,15,.484,0,.000,0,87,87,2.8,2717,191,211,0.48,28,2,98,2.4
129787,Eddie Jackson,4,4,2,2,0,0,.000,0,.000,0,0,27.2,117,109,29,16,11,0,2,46,13,13,6,0,21,1,4.23,.266,.308,.422,.730,1.27,11.7,6.8,2.0,0.7,3.5,17.9,5.1,12.8,0,1,0,0,0,2,0,0,0,0,0.0,.000,2,.500,0,.000,0,103,17,4.2,412,24,35,0.41,2,0,73,0.8
135165,Edward Jacobs,38,0,1,1,0,0,.000,0,.000,8,5,77.2,310,281,58,36,9,0,13,106,29,29,24,3,63,3,3.36,.206,.274,.377,.651,1.06,9.8,7.3,2.8,1.5,2.6,20.3,7.7,12.6,0,2,1,0,0,10,38,16,25,7,28.0,.421,0,.000,0,.000,0,30,0,0.0,1164,83,77,0.52,8,0,100,0.2
124767,Jeremiah James,34,34,17,6,0,0,.000,0,.000,0,0,221.2,890,808,170,118,36,2,14,252,65,58,69,0,166,5,2.35,.210,.274,.312,.586,1.08,9.9,6.7,2.8,0.6,2.4,18.7,7.8,10.9,0,8,9,0,0,20,0,0,0,0,0.0,.000,27,.794,2,.059,0,95,141,4.1,3254,211,260,0.45,14,2,76,5.8
129277,Dave Jamison,33,33,16,8,0,0,.000,0,.000,0,0,182.0,740,686,156,106,25,4,21,252,79,69,44,0,139,4,3.41,.227,.276,.367,.644,1.10,10.1,6.9,2.2,1.0,3.2,18.8,5.9,12.8,2,4,8,1,0,10,0,0,0,0,0.0,.000,14,.424,0,.000,0,84,103,3.1,2798,186,201,0.48,28,4,83,4.0
134723,Hombert Jandjulian,25,0,3,2,3,2,.667,1,.333,9,5,51.1,221,193,44,30,8,1,5,69,18,15,22,0,54,4,2.63,.228,.317,.358,.674,1.29,12.3,9.5,3.9,0.9,2.5,24.4,10.0,14.5,0,2,3,0,0,3,25,13,27,8,29.6,.520,0,.000,0,.000,0,33,0,0.0,833,37,59,0.39,3,1,86,0.6
121194,Wayne Jennings,43,0,4,1,20,16,.800,4,.200,18,8,52.0,223,206,57,37,12,1,7,92,26,24,14,2,40,1,4.15,.277,.323,.447,.769,1.37,12.5,6.9,2.4,1.2,2.9,17.9,6.3,11.7,0,2,0,0,0,4,43,28,13,6,46.2,.651,0,.000,0,.000,0,18,0,0.0,785,43,67,0.39,4,0,87,0.7
122946,Gordon Jester,61,0,5,5,10,7,.778,2,.200,23,10,105.0,440,396,95,75,10,1,9,134,42,34,34,0,78,3,2.91,.240,.301,.338,.639,1.23,11.3,6.7,2.9,0.8,2.3,17.7,7.7,10.0,1,6,3,1,0,9,61,21,55,10,18.2,.344,0,.000,0,.000,0,26,0,0.0,1626,110,113,0.49,9,1,84,1.2
121366,Alberto Jiménez,32,32,12,7,0,0,.000,0,.000,0,0,164.2,667,622,149,96,30,1,22,247,68,66,33,0,113,9,3.61,.240,.287,.397,.684,1.11,10.4,6.2,1.8,1.2,3.4,16.9,4.9,12.0,1,2,5,2,0,18,0,0,0,0,0.0,.000,8,.250,0,.000,0,75,107,3.3,2427,174,182,0.49,5,3,90,3.0
132517,Wayne Johnson,52,3,5,1,0,0,.000,0,.000,2,3,110.2,442,398,87,53,22,3,9,142,41,41,35,1,73,5,3.33,.219,.287,.357,.644,1.10,10.3,5.9,2.8,0.7,2.1,16.5,7.9,8.6,0,4,8,1,0,12,49,19,31,6,19.4,.388,2,.667,2,.667,1,31,11,3.7,1620,108,133,0.45,3,2,89,1.1
128837,Wilson Johnson,32,32,13,8,0,0,.000,0,.000,0,0,177.1,734,672,161,97,36,1,27,280,86,81,50,0,115,6,4.11,.240,.297,.417,.714,1.19,11.0,5.8,2.5,1.4,2.3,15.7,6.8,8.9,3,3,4,0,0,9,0,0,0,0,0.0,.000,11,.344,1,.031,0,86,115,3.6,2773,187,208,0.47,19,6,99,2.4
123509,Eddie Johnston,49,0,7,1,22,20,.909,2,.091,27,5,56.2,236,205,41,28,9,0,4,62,20,20,28,1,51,2,3.18,.200,.302,.302,.605,1.22,11.3,8.1,4.4,0.6,1.8,21.6,11.9,9.7,1,0,2,0,0,5,49,32,21,4,19.0,.653,0,.000,0,.000,0,18,0,0.0,896,64,49,0.57,3,1,83,1.0
133896,Kevin Johnston,39,2,3,2,3,1,.500,1,.333,4,6,89.0,385,347,88,53,19,2,14,153,44,44,33,0,61,4,4.45,.254,.325,.441,.766,1.36,12.6,6.2,3.3,1.4,1.8,15.8,8.6,7.3,0,1,4,1,0,4,37,12,20,11,55.0,.324,1,.500,0,.000,0,35,9,4.5,1370,91,107,0.46,6,2,111,-0.1
120301,Ollie Johnston,36,0,2,1,1,1,1.000,0,.000,5,5,71.2,317,279,71,45,19,3,4,108,31,30,33,0,58,1,3.77,.254,.331,.387,.718,1.45,13.2,7.3,4.1,0.5,1.8,18.3,10.4,7.9,0,4,6,1,0,4,36,13,22,5,22.7,.361,0,.000,0,.000,0,31,0,0.0,1143,62,89,0.41,2,0,75,1.2
123875,Eric Jones,48,0,3,8,32,26,.812,6,.188,26,9,54.1,220,199,40,24,7,2,7,72,27,23,15,4,62,4,3.81,.201,.268,.362,.630,1.01,9.8,10.3,2.5,1.2,4.1,28.2,6.8,21.4,0,2,0,1,0,3,48,43,7,0,0.0,.896,0,.000,0,.000,0,16,0,0.0,815,55,43,0.56,4,0,73,1.4
132126,Jeff Jones,30,30,7,10,0,0,.000,0,.000,0,0,145.2,660,580,170,116,33,3,18,263,99,92,64,0,93,6,5.68,.293,.365,.453,.819,1.61,14.8,5.7,4.0,1.1,1.5,14.1,9.7,4.4,3,7,8,0,0,15,0,0,0,0,0.0,.000,10,.333,0,.000,0,82,74,2.5,2482,165,156,0.51,39,5,107,1.4
133579,Keith Jones,44,0,3,5,1,1,1.000,0,.000,10,6,59.1,245,216,51,36,11,0,4,74,21,17,25,1,54,1,2.58,.236,.316,.343,.658,1.28,11.7,8.2,3.8,0.6,2.2,22.0,10.2,11.8,1,2,8,0,0,7,44,25,37,11,29.7,.568,0,.000,0,.000,0,21,0,0.0,940,54,60,0.47,3,1,73,1.0
131451,Kyle Jones,35,27,10,13,0,0,.000,0,.000,0,1,167.1,713,643,157,102,28,1,26,265,99,94,61,0,106,4,5.06,.244,.312,.412,.724,1.30,11.9,5.7,3.3,1.4,1.7,14.9,8.6,6.3,1,4,2,2,0,11,8,2,8,0,0.0,.250,10,.370,1,.037,0,76,80,3.0,2679,188,186,0.50,24,6,115,0.8
132174,Ab Jongenelen,31,0,3,1,4,4,1.000,0,.000,10,1,53.0,218,198,45,33,6,0,6,69,19,17,19,0,48,0,2.89,.227,.294,.348,.642,1.21,10.9,8.2,3.2,1.0,2.5,22.0,8.7,13.3,0,1,1,0,0,7,31,15,10,1,10.0,.484,0,.000,0,.000,0,26,0,0.0,819,52,52,0.50,3,0,88,0.5
131291,Geoffrey Jordan,76,10,5,1,2,1,.500,1,.500,12,13,119.2,510,458,117,78,14,0,25,206,67,64,45,0,86,0,4.81,.255,.318,.450,.767,1.35,12.2,6.5,3.4,1.9,1.9,16.9,8.8,8.0,0,7,3,1,0,12,66,19,35,15,42.9,.288,0,.000,0,.000,0,25,10,1.0,1973,132,126,0.51,23,4,120,-0.5
125234,Michael JuÃ¡rez,32,30,6,12,0,0,.000,0,.000,0,1,157.0,698,637,180,116,27,3,34,315,114,109,49,0,133,4,6.25,.283,.335,.495,.829,1.46,13.4,7.6,2.8,1.9,2.7,19.1,7.0,12.0,2,6,4,3,0,8,2,1,0,0,0.0,.500,13,.433,0,.000,0,82,73,2.4,2649,131,190,0.41,12,5,120,0.5
128907,Dan Kahler,32,32,6,15,0,0,.000,0,.000,0,0,152.1,671,585,148,99,26,2,21,241,84,84,76,12,118,7,4.96,.253,.344,.412,.756,1.47,13.6,7.0,4.5,1.2,1.6,17.6,11.3,6.3,0,3,6,0,0,15,0,0,0,0,0.0,.000,4,.125,0,.000,0,79,60,1.9,2552,149,169,0.47,27,2,105,1.6
132093,Frawsen Kasiya,35,35,17,7,0,0,.000,0,.000,0,0,226.2,885,843,184,119,42,4,19,291,72,63,33,0,168,2,2.50,.218,.248,.345,.593,0.96,8.7,6.7,1.3,0.8,5.1,19.0,3.7,15.3,2,5,2,2,0,14,0,0,0,0,0.0,.000,26,.743,1,.029,0,91,120,3.4,3216,231,258,0.47,10,2,66,7.3
129156,Christian Kelley,63,0,9,5,44,38,.864,6,.136,38,10,62.2,267,231,47,36,11,0,0,58,19,16,28,5,45,4,2.30,.203,.297,.251,.548,1.20,11.3,6.5,4.0,0.0,1.6,16.9,10.5,6.4,1,3,0,0,0,4,63,53,11,2,18.2,.841,0,.000,0,.000,0,14,0,0.0,941,73,66,0.53,0,0,62,2.4
119918,Ray Kendrick,94,0,15,2,1,0,.000,1,1.000,17,22,143.0,635,560,145,89,30,1,25,252,93,82,58,5,130,11,5.16,.259,.337,.450,.787,1.42,13.5,8.2,3.7,1.6,2.2,20.5,9.1,11.3,0,6,7,0,0,10,94,3,83,26,31.3,.032,0,.000,0,.000,0,25,0,0.0,2418,127,153,0.45,21,5,106,0.0
130807,Jeremy Kennedy,54,4,1,5,2,0,.000,2,1.000,2,6,109.2,505,428,108,62,26,3,17,191,71,68,64,1,76,8,5.58,.252,.356,.446,.803,1.57,14.8,6.2,5.3,1.4,1.2,15.0,12.7,2.4,0,5,6,1,0,4,50,20,42,12,28.6,.400,3,.750,0,.000,0,35,9,2.2,1922,122,123,0.50,7,3,124,-0.8
133461,Frank Kennethson,31,15,6,5,0,0,.000,0,.000,4,2,139.0,571,525,137,96,28,1,12,203,53,50,34,0,71,5,3.24,.261,.308,.387,.695,1.23,11.4,4.6,2.2,0.8,2.1,12.4,6.0,6.5,0,7,6,0,0,19,16,3,11,5,45.5,.188,10,.667,2,.133,1,64,48,3.2,2011,181,140,0.56,8,3,91,2.1
134617,Kil-hyun Kim,33,33,9,11,0,0,.000,0,.000,0,0,184.0,736,684,150,95,40,2,13,233,71,59,41,1,142,5,2.89,.219,.267,.341,.608,1.04,9.6,6.9,2.0,0.6,3.5,19.3,5.6,13.7,3,3,7,2,0,16,0,0,0,0,0.0,.000,15,.455,0,.000,0,82,92,2.8,2717,196,191,0.51,8,4,67,5.8
138004,Seung-kew Kim,48,0,5,3,9,7,.778,2,.222,15,5,65.1,294,240,53,36,11,2,4,80,26,26,48,2,73,2,3.58,.221,.353,.333,.686,1.55,14.2,10.1,6.6,0.6,1.5,24.8,16.3,8.5,1,2,2,0,1,6,48,20,23,6,26.1,.417,0,.000,0,.000,0,25,0,0.0,1213,52,63,0.45,0,1,88,0.7
121969,George King,33,33,5,15,0,0,.000,0,.000,0,0,138.1,615,549,157,98,25,2,32,282,99,95,51,0,105,11,6.18,.286,.357,.514,.871,1.50,14.2,6.8,3.3,2.1,2.1,17.1,8.3,8.8,2,2,4,0,0,19,0,0,0,0,0.0,.000,3,.091,0,.000,0,68,72,2.2,2275,131,151,0.46,2,4,130,-0.2
122224,Jon Kirk,26,0,5,3,6,1,.167,5,.833,8,7,27.0,129,104,28,19,2,0,7,51,19,19,23,3,25,0,6.33,.269,.395,.490,.886,1.89,17.0,8.3,7.7,2.3,1.1,19.4,17.8,1.6,0,2,1,0,0,3,26,5,17,4,23.5,.192,0,.000,0,.000,0,18,0,0.0,487,24,27,0.47,2,2,173,-1.2
124188,Kawanari Kiyomizu,49,0,6,1,1,1,1.000,0,.000,11,6,72.0,320,278,73,48,14,0,11,120,34,34,37,4,59,2,4.25,.263,.351,.432,.783,1.53,14.0,7.4,4.6,1.4,1.6,18.4,11.6,6.9,1,2,5,1,0,5,49,18,31,12,38.7,.367,0,.000,0,.000,0,24,0,0.0,1181,56,91,0.38,12,2,108,-0.1
127323,Boyd Knight,65,0,6,12,43,35,.814,8,.186,29,17,74.0,310,273,63,42,8,0,13,110,29,26,35,1,63,0,3.16,.231,.318,.403,.721,1.32,11.9,7.7,4.3,1.6,1.8,20.3,11.3,9.0,2,0,0,0,0,10,65,60,6,2,33.3,.923,0,.000,0,.000,0,17,0,0.0,1158,81,66,0.55,1,0,111,-0.3
134402,Patrick Komrskova,8,8,1,0,0,0,.000,0,.000,0,0,34.2,140,129,30,22,3,0,5,48,19,19,9,0,21,1,4.93,.233,.286,.372,.658,1.12,10.4,5.5,2.3,1.3,2.3,15.0,6.4,8.6,0,1,0,0,0,2,0,0,0,0,0.0,.000,1,.125,0,.000,0,65,24,3.0,524,30,49,0.38,3,1,99,0.5
133905,Mei-shio Kong,76,0,4,9,57,44,.772,13,.228,30,19,72.1,322,284,70,47,9,0,14,121,38,37,33,3,55,4,4.60,.246,.332,.426,.758,1.42,13.3,6.8,4.1,1.7,1.7,17.1,10.2,6.8,0,1,1,0,0,4,76,58,17,1,5.9,.763,0,.000,0,.000,0,16,0,0.0,1234,65,92,0.41,1,0,119,-0.8
129863,Billy Kusçu,42,11,7,7,2,1,1.000,0,.000,6,6,118.2,526,461,125,83,18,0,24,215,73,70,55,0,76,5,5.31,.271,.352,.466,.818,1.52,14.0,5.8,4.2,1.8,1.4,14.4,10.5,4.0,0,5,7,2,0,7,31,6,27,10,37.0,.194,1,.091,0,.000,0,47,35,3.2,1974,121,140,0.46,2,4,132,-0.9
132792,Seung-min Kyo,33,33,14,5,0,0,.000,0,.000,0,0,197.0,819,749,188,112,47,5,24,317,86,79,57,2,139,5,3.61,.251,.305,.423,.728,1.24,11.4,6.4,2.6,1.1,2.4,17.0,7.0,10.0,0,8,4,1,0,18,0,0,0,0,0.0,.000,19,.576,0,.000,0,90,115,3.5,2990,202,224,0.47,7,3,90,3.6
133320,Oscar Landseer,31,31,9,5,0,0,.000,0,.000,0,0,161.0,640,576,118,88,17,1,12,173,48,44,52,0,107,5,2.46,.205,.275,.300,.576,1.06,9.8,6.0,2.9,0.7,2.1,16.7,8.1,8.6,4,3,3,0,0,7,0,0,0,0,0.0,.000,12,.387,0,.000,0,76,67,2.2,2365,164,189,0.46,12,11,82,3.7
128546,Jonathan Lane,60,0,6,11,30,22,.733,8,.267,25,15,62.1,288,243,63,33,16,1,13,120,48,47,40,5,63,3,6.79,.259,.371,.494,.864,1.65,15.3,9.1,5.8,1.9,1.6,21.9,13.9,8.0,2,0,2,0,0,6,60,37,20,9,45.0,.617,0,.000,0,.000,0,17,0,0.0,1059,51,65,0.44,2,3,124,-0.9
135116,Kevin Larkin,51,0,0,2,7,4,.571,3,.429,8,9,66.2,285,258,63,40,16,0,7,100,27,27,23,0,48,4,3.64,.244,.316,.388,.703,1.29,12.1,6.5,3.1,0.9,2.1,16.8,8.1,8.8,0,0,3,1,0,3,51,23,36,12,33.3,.451,0,.000,0,.000,0,20,0,0.0,1037,72,73,0.50,12,1,92,0.5
134691,Michael Laton,31,31,11,12,0,0,.000,0,.000,0,0,191.1,836,761,224,174,35,1,14,303,93,86,53,0,117,10,4.05,.294,.345,.398,.743,1.45,13.5,5.5,2.5,0.7,2.2,14.0,6.3,7.7,4,8,3,0,0,23,0,0,0,0,0.0,.000,18,.581,1,.032,0,97,90,2.9,3014,235,187,0.56,16,6,87,3.8
121986,Wally LeBlanc,82,0,5,10,50,42,.840,8,.160,32,14,93.2,402,336,65,47,7,1,10,104,40,37,58,1,109,5,3.56,.193,.319,.310,.629,1.31,12.3,10.5,5.6,1.0,1.9,27.1,14.4,12.7,1,2,8,0,0,6,82,65,21,4,19.0,.793,0,.000,0,.000,0,18,0,0.0,1551,71,90,0.44,5,2,88,1.3
124830,Jonathan Leclerc,33,33,9,4,0,0,.000,0,.000,0,0,196.0,799,723,165,115,40,1,9,234,62,60,62,0,151,4,2.76,.228,.291,.324,.614,1.16,10.6,6.9,2.8,0.4,2.4,18.9,7.8,11.1,4,6,8,2,0,17,0,0,0,0,0.0,.000,17,.515,0,.000,0,91,95,2.9,3017,195,217,0.47,21,4,67,6.1
125900,Jason Leslie,45,0,6,4,6,2,.333,4,.667,18,8,64.2,269,245,55,37,11,0,7,87,23,23,21,0,62,2,3.20,.224,.290,.355,.645,1.18,10.9,8.6,2.9,1.0,3.0,23.0,7.8,15.2,0,1,1,0,0,2,45,20,34,9,26.5,.444,0,.000,0,.000,0,23,0,0.0,1058,62,64,0.49,0,2,83,0.9
133435,Donnie Lewis,48,0,3,6,6,2,.400,3,.500,6,10,69.0,304,284,84,59,17,0,8,125,28,28,13,1,48,1,3.65,.296,.323,.440,.764,1.41,12.8,6.3,1.7,1.0,3.7,15.8,4.3,11.5,1,5,5,0,0,4,48,22,45,18,40.0,.458,0,.000,0,.000,0,22,0,0.0,1098,68,84,0.45,3,0,80,1.0
130960,Johnathan Lewis,33,33,13,8,0,0,.000,0,.000,0,0,195.2,804,750,182,127,23,5,27,296,92,89,47,0,150,2,4.09,.243,.288,.395,.682,1.17,10.6,6.9,2.2,1.2,3.2,18.7,5.8,12.8,1,4,0,0,0,8,0,0,0,0,0.0,.000,16,.485,1,.030,1,89,109,3.3,2946,159,257,0.38,11,5,89,3.7
129722,William Lewis,28,24,4,12,0,0,.000,0,.000,0,1,120.2,541,496,147,91,35,3,18,242,88,80,36,1,94,4,5.97,.296,.346,.488,.834,1.52,13.9,7.0,2.7,1.3,2.6,17.4,6.7,10.7,0,5,3,1,0,11,4,2,2,2,100.0,.500,5,.208,0,.000,0,72,47,2.0,2039,116,139,0.45,15,3,102,1.4
124493,Harry Leyva,33,33,11,9,0,0,.000,0,.000,0,0,167.2,732,648,171,121,33,2,15,253,85,84,68,5,126,7,4.51,.264,.337,.390,.727,1.43,13.2,6.8,3.7,0.8,1.9,17.2,9.3,7.9,2,7,9,1,0,10,0,0,0,0,0.0,.000,11,.333,0,.000,0,82,115,3.5,2737,168,187,0.47,11,5,86,3.4
125883,Nate llitch Jr.,33,33,4,16,0,0,.000,0,.000,0,0,139.0,635,539,147,93,31,1,22,246,97,91,85,0,99,3,5.89,.273,.372,.456,.828,1.67,15.2,6.4,5.5,1.4,1.2,15.6,13.4,2.2,3,5,12,1,0,11,0,0,0,0,0.0,.000,3,.091,0,.000,0,71,55,1.7,2363,136,157,0.46,18,8,125,0.1
123259,Dave Love,32,32,10,10,0,0,.000,0,.000,0,0,171.0,730,664,176,116,25,2,33,304,99,94,43,0,106,10,4.95,.265,.316,.458,.774,1.28,12.1,5.6,2.3,1.7,2.5,14.5,5.9,8.6,5,8,5,0,0,9,0,0,0,0,0.0,.000,9,.281,0,.000,0,82,118,3.7,2650,174,216,0.45,9,3,115,0.9
126494,Ed Lovrich,64,0,4,9,40,34,.850,6,.150,27,12,68.1,299,268,71,48,15,0,8,110,35,34,28,5,41,2,4.48,.265,.338,.410,.748,1.45,13.3,5.4,3.7,1.1,1.5,13.7,9.4,4.3,0,1,3,0,0,11,64,55,8,0,0.0,.859,0,.000,0,.000,0,17,0,0.0,1088,76,75,0.50,1,1,100,0.4
123273,Dustin Lowe,48,0,7,4,5,1,.200,4,.800,22,8,43.0,195,156,35,30,3,1,1,43,25,22,32,1,28,3,4.60,.224,.365,.276,.640,1.56,14.7,5.9,6.7,0.2,0.9,14.4,16.4,-2.1,3,1,3,0,0,5,48,14,41,10,24.4,.292,0,.000,0,.000,0,15,0,0.0,722,53,41,0.56,3,0,96,0.3
136003,Quentin Lubbers,20,16,4,10,0,0,.000,0,.000,0,1,93.1,409,359,88,58,14,1,15,149,57,54,38,0,78,7,5.21,.245,.325,.415,.740,1.35,12.8,7.5,3.7,1.4,2.1,19.1,9.3,9.8,0,5,2,0,0,8,4,1,6,4,66.7,.250,4,.250,0,.000,0,74,31,1.9,1483,80,116,0.41,9,0,113,0.5
124691,Chris Lynch,49,0,6,2,14,8,.571,6,.429,18,10,65.1,261,244,62,44,12,1,5,91,25,20,12,4,52,1,2.76,.254,.288,.373,.661,1.13,10.3,7.2,1.7,0.7,4.3,19.9,4.6,15.3,1,3,2,0,0,6,49,18,42,12,28.6,.367,0,.000,0,.000,0,19,0,0.0,960,73,58,0.56,3,4,66,1.6
121417,Armando López,34,34,11,13,0,0,.000,0,.000,0,0,220.1,896,811,166,116,26,3,21,261,84,84,78,1,143,1,3.43,.205,.273,.322,.595,1.11,10.0,5.8,3.2,0.9,1.8,16.0,8.7,7.3,0,6,9,1,0,19,0,0,0,0,0.0,.000,24,.706,1,.029,0,97,109,3.2,3317,269,227,0.54,24,2,89,4.2
120788,Carlos López,57,0,5,6,25,21,.840,4,.160,23,10,73.1,300,272,57,40,12,1,4,83,24,24,22,3,61,3,2.95,.210,.274,.305,.579,1.08,10.1,7.5,2.7,0.5,2.8,20.3,7.3,13.0,1,2,1,1,0,6,57,39,26,7,26.9,.684,0,.000,0,.000,0,18,0,0.0,1054,63,91,0.41,2,0,64,2.2
136119,César López,51,0,3,1,3,1,.333,2,.667,8,4,57.1,263,215,54,37,10,1,6,84,34,34,41,1,43,6,5.34,.251,.384,.391,.775,1.66,15.9,6.8,6.4,0.9,1.0,16.3,15.6,0.8,0,1,6,0,0,7,51,11,42,13,31.0,.216,0,.000,0,.000,0,20,0,0.0,1039,46,72,0.39,5,2,116,-0.3
125567,Santiago López,3,3,1,1,0,0,.000,0,.000,0,0,9.1,47,41,14,9,4,1,0,20,13,12,6,0,10,0,11.57,.341,.426,.488,.913,2.14,19.3,9.6,5.8,0.0,1.7,21.3,12.8,8.5,0,0,0,0,0,1,0,0,0,0,0.0,.000,0,.000,0,.000,0,55,8,2.7,166,8,8,0.50,0,0,62,0.3
132957,Anton Lönnrot,89,1,5,6,5,1,.200,4,.800,17,13,118.2,526,466,126,86,23,1,16,199,75,74,51,7,98,5,5.61,.270,.347,.427,.774,1.49,13.8,7.4,3.9,1.2,1.9,18.6,9.7,8.9,1,3,5,1,0,5,88,22,54,21,38.9,.250,0,.000,0,.000,0,21,0,0.0,1931,116,127,0.48,12,2,95,0.7
129818,Bennie MacFadden,32,0,2,3,5,3,.600,2,.400,14,6,47.0,195,165,25,16,2,0,7,48,13,11,23,1,46,3,2.11,.152,.264,.291,.555,1.02,9.8,8.8,4.4,1.3,2.0,23.6,11.8,11.8,2,2,4,0,0,2,32,15,22,10,45.5,.469,0,.000,0,.000,0,23,0,0.0,748,45,48,0.48,1,0,102,0.1
124457,Sean MacFadden,32,32,14,8,0,0,.000,0,.000,0,0,188.2,772,714,172,115,32,1,24,278,78,76,46,0,147,7,3.63,.241,.292,.389,.681,1.16,10.7,7.0,2.2,1.1,3.2,19.0,6.0,13.1,1,4,2,0,0,22,0,0,0,0,0.0,.000,15,.469,0,.000,0,90,95,3.0,2883,193,200,0.49,14,4,85,3.9
132860,Dave MacIntosh Jr.,55,0,2,5,2,1,.500,1,.500,17,8,87.2,369,337,85,58,11,1,15,143,45,33,30,6,62,0,3.39,.252,.312,.424,.736,1.31,11.8,6.4,3.1,1.5,2.1,16.8,8.1,8.7,0,2,2,0,0,9,55,22,29,2,6.9,.400,0,.000,0,.000,0,24,0,0.0,1354,91,95,0.49,2,4,103,0.2
130880,Eric MacKinney,80,0,4,5,5,2,.400,3,.600,27,18,130.0,574,493,122,80,27,0,15,194,69,66,67,1,101,5,4.57,.247,.339,.394,.732,1.45,13.4,7.0,4.6,1.0,1.5,17.6,11.7,5.9,1,8,8,0,0,7,80,15,44,14,31.8,.188,0,.000,0,.000,0,26,0,0.0,2120,130,146,0.47,5,2,102,0.2
124627,Bernie Macías,33,33,9,12,0,0,.000,0,.000,0,0,156.0,698,608,158,91,29,0,38,301,107,99,81,0,115,4,5.71,.260,.349,.495,.844,1.53,14.0,6.6,4.7,2.2,1.4,16.5,11.6,4.9,2,3,7,1,0,13,0,0,0,0,0.0,.000,8,.242,0,.000,0,78,91,2.8,2587,165,169,0.49,16,3,141,-1.0
125994,Greg Madden,57,0,3,4,6,5,.833,1,.167,18,8,69.0,282,261,62,40,10,0,12,108,29,28,18,4,54,1,3.65,.238,.287,.414,.701,1.16,10.6,7.0,2.3,1.6,3.0,19.1,6.4,12.8,0,2,2,0,0,5,57,32,38,15,39.5,.561,0,.000,0,.000,0,18,0,0.0,1060,67,79,0.46,1,0,98,0.3
120497,Tim Mansill,91,0,3,4,1,0,.000,1,1.000,17,12,137.1,584,517,117,75,19,1,22,204,70,66,56,5,113,6,4.33,.226,.307,.395,.701,1.26,11.7,7.4,3.7,1.4,2.0,19.3,9.6,9.8,0,5,2,0,0,11,91,7,61,13,21.3,.077,0,.000,0,.000,0,24,0,0.0,2212,136,150,0.48,13,0,103,0.2
125710,Clancy Marks,45,0,3,3,4,2,.500,2,.500,10,4,48.0,198,179,41,27,8,0,6,67,19,19,16,0,40,1,3.56,.229,.293,.374,.667,1.19,10.9,7.5,3.0,1.1,2.5,20.2,8.1,12.1,0,2,0,0,0,2,45,12,21,3,14.3,.267,0,.000,0,.000,0,16,0,0.0,723,47,52,0.47,5,3,87,0.5
126482,Marty Marshall,32,32,15,8,0,0,.000,0,.000,0,0,180.0,758,690,167,130,23,4,10,228,71,66,51,0,160,12,3.30,.242,.304,.330,.634,1.21,11.5,8.0,2.5,0.5,3.1,21.1,6.7,14.4,1,4,10,0,0,11,0,0,0,0,0.0,.000,13,.406,0,.000,0,86,111,3.5,2768,186,171,0.52,15,5,66,5.8
136197,José Martínez,41,18,8,9,2,1,1.000,0,.000,3,5,149.0,658,576,142,85,33,3,21,244,88,83,64,0,126,9,5.01,.247,.327,.424,.751,1.38,13.0,7.6,3.9,1.3,2.0,19.1,9.7,9.4,1,8,8,1,0,7,23,7,23,7,30.4,.304,6,.333,0,.000,0,60,50,2.8,2497,164,148,0.53,21,2,102,1.4
129838,Luis Martínez,32,32,13,9,0,0,.000,0,.000,0,0,178.1,770,692,180,122,31,1,26,291,97,91,65,0,115,4,4.59,.260,.324,.421,.745,1.37,12.6,5.8,3.3,1.3,1.8,14.9,8.4,6.5,2,7,3,0,0,14,0,0,0,0,0.0,.000,15,.469,1,.031,0,88,129,4.0,2842,205,193,0.52,18,2,107,1.7
136233,Pedro Martínez,42,0,3,1,5,3,.600,2,.400,17,6,59.0,250,211,38,26,8,0,4,58,25,22,30,0,73,7,3.36,.180,.300,.275,.575,1.15,11.4,11.1,4.6,0.6,2.4,29.2,12.0,17.2,0,2,6,0,0,3,42,15,28,7,25.0,.357,0,.000,0,.000,0,23,0,0.0,996,54,46,0.54,1,1,76,1.0
120420,José Marín,43,9,7,3,1,0,.000,1,1.000,8,6,134.0,585,511,115,68,19,1,27,217,72,66,65,0,113,6,4.43,.225,.318,.425,.743,1.34,12.5,7.6,4.4,1.8,1.7,19.3,11.1,8.2,0,3,6,0,0,11,34,6,31,11,35.5,.176,4,.444,0,.000,0,50,33,3.7,2170,125,151,0.45,17,1,128,-0.8
135153,Geoff McAllister,27,0,1,0,1,1,1.000,0,.000,5,4,43.0,185,153,35,27,6,0,2,47,16,14,25,0,34,3,2.93,.229,.341,.307,.648,1.40,13.2,7.1,5.2,0.4,1.4,18.4,13.5,4.9,0,4,2,0,0,6,27,9,14,6,42.9,.333,0,.000,0,.000,0,25,0,0.0,687,42,45,0.48,0,1,92,0.3
130077,Darryl McBride,50,0,6,5,6,3,.500,3,.500,27,6,74.2,302,274,61,48,10,0,3,80,22,22,23,1,62,3,2.65,.223,.288,.292,.580,1.12,10.5,7.5,2.8,0.4,2.7,20.5,7.6,12.9,0,2,0,1,0,5,50,18,34,10,29.4,.360,0,.000,0,.000,0,22,0,0.0,1121,68,85,0.44,5,3,58,2.2
120920,Carl McCarthy,31,31,9,11,0,0,.000,0,.000,0,0,166.2,728,649,177,111,38,4,24,295,90,87,60,1,125,9,4.70,.273,.339,.455,.794,1.42,13.3,6.8,3.2,1.3,2.1,17.2,8.2,8.9,3,7,7,0,0,17,0,0,0,0,0.0,.000,11,.355,0,.000,0,87,85,2.7,2707,176,176,0.50,9,4,108,1.5
133167,Paul McDai,28,28,16,7,0,0,.000,0,.000,0,0,182.1,776,722,189,140,31,3,15,271,82,70,38,0,171,10,3.46,.262,.306,.375,.682,1.24,11.7,8.4,1.9,0.7,4.5,22.0,4.9,17.1,2,4,6,1,0,18,0,0,0,0,0.0,.000,17,.607,2,.071,0,102,123,4.4,2877,187,167,0.53,27,1,69,5.5
125674,Ron McDonald,37,33,9,14,0,0,.000,0,.000,3,1,194.0,805,731,174,110,30,2,32,304,88,83,62,0,135,2,3.85,.238,.297,.416,.713,1.22,11.0,6.3,2.9,1.5,2.2,16.8,7.7,9.1,4,6,7,2,0,15,4,2,3,2,66.7,.500,14,.424,0,.000,0,78,63,1.9,2917,213,210,0.50,24,7,105,2.0
119960,Ryan McDowel,38,0,1,1,2,0,.000,2,1.000,6,10,50.0,241,208,65,47,10,1,7,98,34,32,27,4,50,4,5.76,.312,.398,.471,.869,1.84,17.3,9.0,4.9,1.3,1.9,20.7,11.2,9.5,0,2,1,0,0,7,38,16,33,14,42.4,.421,0,.000,0,.000,0,22,0,0.0,862,45,47,0.49,0,1,103,0.1
126764,Dave McFadden,32,32,6,14,0,0,.000,0,.000,0,0,161.0,727,615,161,100,38,2,21,266,111,110,100,0,106,4,6.15,.262,.365,.433,.798,1.62,14.8,5.9,5.6,1.2,1.1,14.6,13.8,0.8,1,7,7,2,0,14,0,0,0,0,0.0,.000,8,.250,0,.000,0,88,96,3.0,2838,160,193,0.45,26,5,118,0.7
130971,Jamal McGill,38,0,2,1,1,0,.000,1,1.000,9,3,65.0,299,243,59,46,8,2,3,80,35,33,48,0,45,1,4.57,.243,.361,.329,.690,1.65,15.0,6.2,6.6,0.4,0.9,15.1,16.1,-1.0,0,7,2,1,0,5,38,11,24,7,29.2,.289,0,.000,0,.000,0,30,0,0.0,1153,52,91,0.36,5,1,98,0.3
120135,Samuel Mckenzie,33,33,4,13,0,0,.000,0,.000,0,0,146.0,629,570,144,98,26,3,17,227,80,73,49,3,98,5,4.50,.253,.317,.398,.716,1.32,12.2,6.0,3.0,1.0,2.0,15.6,7.8,7.8,5,0,5,1,0,11,0,0,0,0,0.0,.000,3,.091,0,.000,0,69,73,2.2,2289,172,151,0.53,8,1,93,2.5
124453,Jeff McLeister,36,26,13,12,6,3,.500,3,.500,3,5,170.1,743,665,178,123,24,4,27,291,101,96,62,2,138,8,5.07,.268,.336,.438,.773,1.41,13.1,7.3,3.3,1.4,2.2,18.6,8.3,10.2,4,4,2,0,0,20,10,8,4,1,25.0,.800,12,.462,0,.000,0,76,103,4.0,2763,166,183,0.48,12,2,109,1.3
125872,Adam McPherson,42,22,8,9,2,1,.500,1,.500,2,5,125.1,547,484,124,75,23,1,25,224,62,62,56,1,117,3,4.45,.256,.336,.463,.799,1.44,13.1,8.4,4.0,1.8,2.1,21.4,10.2,11.2,2,2,2,0,0,8,20,9,4,2,50.0,.450,1,.045,0,.000,0,48,66,3.0,2056,107,137,0.44,5,3,112,0.6
125275,Juan Medrano,43,0,3,1,10,3,.375,5,.500,12,7,81.1,331,292,68,49,12,1,6,100,29,29,32,0,56,0,3.21,.233,.304,.342,.646,1.23,11.1,6.2,3.5,0.7,1.8,16.9,9.7,7.3,2,5,3,0,0,11,43,15,24,10,41.7,.349,0,.000,0,.000,0,28,0,0.0,1232,80,94,0.46,5,1,82,1.0
136577,Roberto Mejía,25,0,0,1,0,0,.000,0,.000,1,2,12.0,53,46,12,8,3,0,1,18,6,6,6,1,16,0,4.50,.261,.346,.391,.737,1.50,13.5,12.0,4.5,0.8,2.7,30.2,11.3,18.9,1,0,0,0,0,0,25,6,18,4,22.2,.240,0,.000,0,.000,0,8,0,0.0,215,9,10,0.47,0,0,57,0.3
134898,Phillam Melosantos,31,16,3,11,1,0,.000,1,1.000,3,5,121.0,500,437,98,68,18,2,10,150,55,55,44,1,91,10,4.09,.224,.307,.343,.650,1.17,11.3,6.8,3.3,0.7,2.1,18.2,8.8,9.4,5,4,5,0,0,14,15,6,8,4,50.0,.400,6,.375,1,.062,1,61,25,1.6,1906,117,135,0.46,4,4,90,1.9
127055,Alfonso Meléndez,26,0,3,1,3,1,.500,1,.333,7,4,61.1,250,223,52,37,8,1,6,80,24,24,23,2,49,0,3.52,.233,.300,.359,.659,1.22,11.0,7.2,3.4,0.9,2.1,19.6,9.2,10.4,0,4,1,0,0,7,26,16,22,8,36.4,.615,0,.000,0,.000,0,35,0,0.0,915,68,57,0.54,4,2,86,0.6
119845,Jeffrey Miclat,29,12,6,5,0,0,.000,0,.000,3,1,99.1,428,382,95,56,20,1,18,171,54,54,36,0,64,8,4.89,.249,.325,.448,.772,1.32,12.6,5.8,3.3,1.6,1.8,15.0,8.4,6.5,0,2,6,0,0,3,17,3,14,5,35.7,.176,2,.167,0,.000,0,56,38,3.2,1646,91,133,0.41,9,3,121,-0.1
129218,Bill Miller,34,34,18,9,0,0,.000,0,.000,0,0,201.1,832,758,170,123,37,0,10,237,75,71,61,1,167,3,3.17,.224,.282,.313,.595,1.15,10.5,7.5,2.7,0.4,2.7,20.1,7.3,12.7,2,8,7,0,0,15,0,0,0,0,0.0,.000,16,.471,0,.000,0,91,130,3.8,3103,190,229,0.45,15,1,64,6.6
126685,Frank Miller,22,0,0,2,0,0,.000,0,.000,1,2,8.2,34,32,7,5,1,0,1,11,4,3,2,0,10,0,3.12,.219,.265,.344,.608,1.04,9.3,10.4,2.1,1.0,5.0,29.4,5.9,23.5,0,0,0,0,0,1,22,2,15,1,6.7,.091,0,.000,0,.000,0,5,0,0.0,128,9,6,0.60,1,0,63,0.2
130928,Gene Miller,32,32,6,17,0,0,.000,0,.000,0,0,178.0,753,670,158,105,29,3,21,256,107,99,69,12,102,5,5.01,.236,.309,.382,.691,1.28,11.7,5.2,3.5,1.1,1.5,13.5,9.2,4.4,2,7,10,2,0,15,0,0,0,0,0.0,.000,12,.375,1,.031,0,84,74,2.3,2698,194,218,0.47,21,1,100,2.3
132238,Richard Miller,33,33,11,9,0,0,.000,0,.000,0,0,159.2,713,631,168,120,26,1,21,259,101,96,68,0,121,9,5.41,.266,.344,.410,.754,1.48,13.8,6.8,3.8,1.2,1.8,17.0,9.5,7.4,0,5,11,0,0,12,0,0,0,0,0.0,.000,5,.152,0,.000,0,81,113,3.4,2686,142,200,0.42,22,3,102,1.9
134217,Shawn Miller,13,5,1,2,0,0,.000,0,.000,1,3,19.2,90,81,24,16,3,0,5,42,20,20,5,0,15,3,9.15,.296,.356,.519,.874,1.47,14.6,6.9,2.3,2.3,3.0,16.7,5.6,11.1,0,1,0,0,0,2,8,3,6,3,50.0,.375,0,.000,0,.000,0,24,2,0.4,322,13,29,0.31,0,0,135,-0.2
130959,Juan Miranda,48,4,10,4,8,5,.714,2,.250,12,6,87.1,380,320,78,56,17,2,3,108,34,32,54,2,71,0,3.30,.244,.349,.338,.687,1.51,13.6,7.3,5.6,0.3,1.3,18.7,14.2,4.5,1,4,7,0,1,9,44,17,35,10,28.6,.386,1,.250,0,.000,0,31,13,3.2,1493,89,84,0.51,7,4,83,1.3
132605,Chance Mitchell,24,0,5,0,2,1,1.000,0,.000,5,1,72.2,309,277,60,39,10,1,10,102,31,28,26,0,73,5,3.47,.217,.294,.368,.663,1.18,11.3,9.0,3.2,1.2,2.8,23.6,8.4,15.2,0,1,1,0,0,4,24,8,25,5,20.0,.333,0,.000,0,.000,0,48,0,0.0,1175,66,74,0.47,7,1,95,0.4
130115,Doug Mitchell,32,0,2,0,3,1,.500,1,.333,3,6,58.2,275,236,72,42,14,2,14,132,38,35,33,0,51,6,5.37,.305,.404,.559,.963,1.79,17.0,7.8,5.1,2.1,1.5,18.5,12.0,6.5,0,0,1,1,0,7,32,7,20,6,30.0,.219,0,.000,0,.000,0,32,0,0.0,1047,53,59,0.47,4,4,150,-1.3
124132,Raymond Mitchell,53,0,3,4,26,22,.846,4,.154,23,7,56.1,259,219,62,46,9,3,4,89,30,25,32,5,49,4,3.99,.283,.378,.406,.785,1.67,15.7,7.8,5.1,0.6,1.5,18.9,12.4,6.6,0,4,3,3,0,6,53,38,24,10,41.7,.717,0,.000,0,.000,0,18,0,0.0,970,54,56,0.49,4,1,84,0.9
127150,Jesús Mnica,70,0,2,9,51,48,.941,3,.059,39,9,75.0,325,287,69,49,10,1,9,108,31,31,36,3,50,1,3.72,.240,.326,.376,.702,1.40,12.7,6.0,4.3,1.1,1.4,15.4,11.1,4.3,0,1,2,1,0,7,70,62,15,3,20.0,.886,0,.000,0,.000,0,16,0,0.0,1149,84,84,0.50,3,0,104,0.1
133677,Moos Molendijk,32,31,9,14,1,1,1.000,0,.000,1,0,198.0,833,774,205,140,32,4,29,332,105,97,47,0,149,3,4.41,.265,.307,.429,.736,1.27,11.6,6.8,2.1,1.3,3.2,17.9,5.6,12.2,3,6,4,1,0,23,1,1,0,0,0.0,1.000,14,.452,2,.065,1,91,83,2.7,2926,216,200,0.52,11,3,98,2.8
126065,Bill Montgomery,33,33,12,8,0,0,.000,0,.000,0,0,168.0,672,597,108,75,20,1,12,166,48,46,69,0,134,3,2.46,.181,.268,.278,.546,1.05,9.6,7.2,3.7,0.6,1.9,19.9,10.3,9.7,1,2,3,0,0,11,0,0,0,0,0.0,.000,9,.273,0,.000,0,79,83,2.5,2635,140,212,0.40,14,3,78,4.2
125108,Bill Moore,55,0,6,2,2,0,.000,2,1.000,14,8,76.2,314,287,58,38,10,1,9,97,27,27,21,3,57,6,3.17,.202,.271,.338,.609,1.03,10.0,6.7,2.5,1.1,2.7,18.2,6.7,11.5,0,0,6,0,0,3,55,23,35,14,40.0,.418,0,.000,0,.000,0,21,0,0.0,1174,81,87,0.48,14,1,85,0.8
135214,Pedro Morales,43,0,3,3,1,0,.000,1,1.000,9,4,64.1,300,241,58,43,7,1,7,88,29,28,51,0,67,4,3.92,.241,.377,.365,.742,1.69,15.8,9.4,7.1,1.0,1.3,22.3,17.0,5.3,0,4,2,0,0,4,43,15,20,2,10.0,.349,0,.000,0,.000,0,27,0,0.0,1172,55,62,0.47,6,4,113,-0.2
132850,Carl Morgan,32,32,14,6,0,0,.000,0,.000,0,0,197.2,800,738,172,114,37,2,19,270,67,63,54,0,103,1,2.87,.233,.284,.366,.650,1.14,10.3,4.7,2.5,0.9,1.9,12.9,6.8,6.1,2,5,6,0,0,20,0,0,0,0,0.0,.000,21,.656,0,.000,0,90,94,2.9,2891,222,237,0.48,15,4,91,3.5
123922,Shawn Morgan,26,0,1,0,0,0,.000,0,.000,2,3,63.1,273,234,54,39,7,2,6,83,27,23,35,0,41,1,3.27,.231,.330,.355,.684,1.41,12.8,5.8,5.0,0.9,1.2,15.0,12.8,2.2,0,3,1,0,0,9,26,11,15,0,0.0,.423,0,.000,0,.000,0,38,0,0.0,992,69,69,0.50,2,0,106,0.0
126856,Adam Morrison,60,0,4,4,26,22,.846,4,.154,25,11,79.2,353,304,75,46,13,2,14,134,39,38,44,0,89,3,4.29,.247,.347,.441,.787,1.49,13.8,10.1,5.0,1.6,2.0,25.2,12.5,12.7,1,1,2,0,0,8,60,37,31,11,35.5,.617,0,.000,0,.000,0,23,0,0.0,1384,63,77,0.45,0,1,108,-0.1
134636,hA Murdock,59,0,5,0,5,4,.800,1,.200,20,7,58.2,239,206,40,29,4,0,7,65,19,18,31,0,54,2,2.76,.194,.305,.316,.621,1.21,11.2,8.3,4.8,1.1,1.7,22.6,13.0,9.6,0,0,1,0,0,5,59,15,32,8,25.0,.254,0,.000,0,.000,0,15,0,0.0,897,50,60,0.45,7,3,103,0.1
135227,Paul Myers,63,0,6,3,3,0,.000,3,1.000,9,15,116.2,534,462,117,74,24,0,19,198,83,73,59,0,85,8,5.63,.253,.345,.429,.773,1.51,14.2,6.6,4.6,1.5,1.4,15.9,11.0,4.9,0,5,7,1,0,8,63,13,48,15,31.2,.206,0,.000,0,.000,0,31,0,0.0,1997,134,124,0.52,14,0,121,-0.9
126621,Vincente Méndez,33,22,12,3,0,0,.000,0,.000,4,0,154.2,618,560,120,85,24,0,11,177,44,42,44,0,102,7,2.44,.214,.277,.316,.593,1.06,10.0,5.9,2.6,0.6,2.3,16.5,7.1,9.4,0,7,5,0,0,12,11,5,6,4,66.7,.455,14,.636,0,.000,0,68,76,3.5,2263,155,189,0.45,17,2,82,3.3
123159,Tamasaburo Nakagawa,42,10,5,7,3,1,.500,1,.333,4,3,102.1,466,408,110,80,11,2,17,176,68,59,46,1,98,4,5.19,.270,.345,.431,.776,1.52,14.1,8.6,4.0,1.5,2.1,21.0,9.9,11.2,2,6,4,0,0,8,32,13,21,7,33.3,.406,4,.400,0,.000,0,41,33,3.3,1723,97,102,0.49,7,1,110,0.3
126450,Julian Nance,35,0,4,3,3,1,.500,1,.333,12,9,77.0,326,283,65,45,11,1,8,102,42,39,36,1,60,4,4.56,.230,.323,.360,.684,1.31,12.3,7.0,4.2,0.9,1.7,18.4,11.0,7.4,1,2,5,1,0,5,35,9,25,3,12.0,.257,0,.000,0,.000,0,34,0,0.0,1206,80,77,0.51,6,5,101,0.2
134806,Ken Neely,32,32,5,10,0,0,.000,0,.000,0,0,141.1,612,540,130,73,32,5,20,232,83,81,62,0,111,6,5.16,.241,.324,.430,.754,1.36,12.6,7.1,3.9,1.3,1.8,18.1,10.1,8.0,1,3,6,1,0,10,0,0,0,0,0.0,.000,2,.062,0,.000,0,72,71,2.2,2308,133,165,0.45,9,1,105,1.5
128518,Corey Nelson,65,0,4,7,31,25,.806,6,.194,29,17,69.1,300,268,70,46,13,2,9,114,38,35,21,0,78,9,4.54,.261,.333,.425,.759,1.31,13.0,10.1,2.7,1.2,3.7,26.0,7.0,19.0,0,2,2,0,0,3,65,41,21,10,47.6,.631,0,.000,0,.000,0,16,0,0.0,1103,42,79,0.35,1,0,81,1.2
124609,Semi Nikolic,27,1,6,4,9,6,.667,3,.333,5,8,61.0,266,226,56,37,9,3,7,92,34,33,36,1,37,2,4.87,.248,.353,.407,.760,1.51,13.9,5.5,5.3,1.0,1.0,13.9,13.5,0.4,0,2,3,0,0,9,26,16,13,3,23.1,.615,1,1.000,0,.000,0,35,8,8.0,964,75,58,0.56,4,0,120,-0.4
135779,Hisashi Nishiyama,22,0,4,2,2,0,.000,2,1.000,6,6,41.0,181,161,39,25,8,2,4,63,25,21,19,7,35,0,4.61,.242,.320,.391,.712,1.41,12.7,7.7,4.2,0.9,1.8,19.3,10.5,8.8,0,1,1,0,0,2,22,9,19,7,36.8,.409,0,.000,0,.000,0,29,0,0.0,656,43,41,0.51,4,1,79,0.6
120822,Lee Norris,36,32,6,10,0,0,.000,0,.000,2,0,174.1,763,674,166,109,21,1,35,294,97,91,80,0,172,3,4.70,.246,.327,.436,.763,1.41,12.9,8.9,4.1,1.8,2.1,22.5,10.5,12.1,1,5,6,2,0,7,4,1,3,0,0.0,.250,5,.156,0,.000,0,80,69,2.2,2915,149,186,0.44,13,5,114,1.0
124499,Dan O'Duvany,32,32,12,9,0,0,.000,0,.000,0,0,209.1,848,776,171,116,30,3,22,273,73,68,57,3,199,10,2.92,.220,.281,.352,.633,1.09,10.2,8.6,2.5,0.9,3.5,23.5,6.7,16.7,2,3,7,2,0,17,0,0,0,0,0.0,.000,19,.594,2,.062,1,99,108,3.4,3172,216,187,0.54,3,5,78,5.2
125120,Philip O'Sullivan,32,32,12,8,0,0,.000,0,.000,0,0,173.1,726,637,143,91,30,4,18,235,84,80,76,0,123,3,4.15,.224,.307,.369,.676,1.26,11.5,6.4,3.9,0.9,1.6,16.9,10.5,6.5,2,8,4,5,0,19,0,0,0,0,0.0,.000,16,.500,0,.000,0,84,114,3.6,2716,194,178,0.52,12,4,96,2.6
127662,Phil O'Toole,27,27,11,8,0,0,.000,0,.000,0,0,142.1,587,529,121,89,22,0,10,173,66,61,49,0,108,3,3.86,.229,.295,.327,.622,1.19,10.9,6.8,3.1,0.6,2.2,18.4,8.3,10.1,1,5,6,0,0,13,0,0,0,0,0.0,.000,7,.259,0,.000,0,81,81,3.0,2199,149,151,0.50,12,4,74,3.9
125726,Ken Oglethorpe,33,33,13,11,0,0,.000,0,.000,0,0,180.2,753,683,153,91,36,1,25,266,85,79,63,0,130,2,3.94,.224,.290,.389,.679,1.20,10.9,6.5,3.1,1.2,2.1,17.3,8.4,8.9,0,5,3,0,0,12,0,0,0,0,0.0,.000,15,.455,0,.000,0,84,95,2.9,2803,182,216,0.46,13,1,97,2.6
128778,Jay Owens,25,25,8,7,0,0,.000,0,.000,0,0,140.1,628,535,152,111,31,1,9,212,90,88,77,11,99,11,5.64,.284,.383,.396,.779,1.63,15.4,6.3,4.9,0.6,1.3,15.8,12.3,3.5,1,4,6,0,0,25,0,0,0,0,0.0,.000,10,.400,0,.000,0,88,98,3.9,2203,153,133,0.53,10,1,90,2.6
136742,José Pacheco,35,27,11,10,0,0,.000,0,.000,2,2,171.1,725,644,149,98,29,4,18,240,75,71,54,0,183,20,3.73,.231,.309,.373,.682,1.18,11.7,9.6,2.8,0.9,3.4,25.2,7.4,17.8,3,4,2,0,0,14,8,3,5,2,40.0,.375,11,.407,1,.037,0,79,105,3.9,2766,158,155,0.50,7,1,82,3.7
133196,Tae-kyun Pak,57,0,6,5,5,1,.200,4,.800,28,9,85.1,342,299,51,37,10,0,4,73,27,25,39,5,51,3,2.64,.171,.272,.244,.516,1.05,9.8,5.4,4.1,0.4,1.3,14.9,11.4,3.5,0,1,6,1,0,8,57,14,30,1,3.3,.246,0,.000,0,.000,0,22,0,0.0,1273,92,103,0.47,6,2,82,1.3
135033,Thurman Park,51,0,2,3,4,3,.750,1,.250,14,7,67.2,284,263,62,40,12,1,9,103,31,28,19,0,47,1,3.72,.236,.289,.392,.680,1.20,10.9,6.3,2.5,1.2,2.5,16.5,6.7,9.9,0,1,8,0,0,1,51,24,37,8,21.6,.471,0,.000,0,.000,0,20,0,0.0,1020,68,86,0.44,4,1,97,0.3
135294,David Parker,52,8,4,5,3,0,.000,3,1.000,8,12,76.2,346,306,93,65,17,1,10,142,55,54,37,1,73,1,6.34,.304,.379,.464,.843,1.70,15.4,8.6,4.3,1.2,2.0,21.1,10.7,10.4,0,2,7,0,0,13,44,16,36,13,36.1,.364,0,.000,0,.000,0,25,6,0.8,1343,73,67,0.52,3,1,94,0.8
132708,Dudley Parker,32,23,10,5,1,1,1.000,0,.000,4,1,155.2,660,618,162,108,22,2,30,278,80,71,31,0,112,3,4.10,.262,.299,.450,.749,1.24,11.3,6.5,1.8,1.7,3.6,17.0,4.7,12.3,4,4,6,1,0,9,9,3,9,2,22.2,.333,11,.478,0,.000,0,74,73,3.2,2372,163,180,0.48,13,1,108,1.2
135169,Rob Parker,50,0,5,6,3,1,.333,2,.667,13,10,85.1,366,325,72,41,9,2,20,145,50,48,39,0,77,2,5.06,.222,.309,.446,.755,1.30,11.9,8.1,4.1,2.1,2.0,21.0,10.7,10.4,0,0,2,0,0,4,50,18,26,4,15.4,.360,0,.000,0,.000,0,28,0,0.0,1407,71,101,0.41,0,1,128,-1.0
133680,Allen Patterson,20,0,0,1,0,0,.000,0,.000,4,1,8.2,30,27,2,1,1,0,0,3,3,3,3,0,6,0,3.12,.074,.167,.111,.278,0.58,5.2,6.2,3.1,0.0,2.0,20.0,10.0,10.0,0,0,0,0,0,1,20,2,11,0,0.0,.100,0,.000,0,.000,0,5,0,0.0,105,9,10,0.47,1,0,57,0.2
132457,Joe Patterson,36,28,6,13,0,0,.000,0,.000,1,2,176.2,792,692,184,132,30,2,20,278,103,97,84,4,125,6,4.94,.266,.348,.402,.749,1.52,14.0,6.4,4.3,1.0,1.5,15.8,10.6,5.2,4,6,7,5,0,16,8,2,3,2,66.7,.250,15,.536,0,.000,0,81,76,2.7,2928,177,206,0.46,14,3,100,2.1
126657,Jorge Payne,31,0,2,2,1,0,.000,1,1.000,7,4,45.0,192,174,41,29,8,0,4,61,27,27,14,2,37,3,5.40,.236,.302,.351,.653,1.22,11.6,7.4,2.8,0.8,2.6,19.3,7.3,12.0,0,1,6,0,0,1,31,8,19,5,26.3,.258,0,.000,0,.000,0,22,0,0.0,690,36,60,0.38,7,0,78,0.7
127588,Carl Pembroke,31,0,2,0,1,0,.000,1,1.000,8,4,45.2,191,165,36,22,8,0,6,62,17,16,23,1,39,0,3.15,.218,.311,.376,.686,1.29,11.6,7.7,4.5,1.2,1.7,20.4,12.0,8.4,1,2,1,0,0,3,31,7,19,6,31.6,.226,0,.000,0,.000,0,23,0,0.0,729,41,51,0.45,4,1,104,0.0
134027,Héctor Pereira,51,1,1,4,3,1,.500,1,.333,6,6,96.2,431,387,100,67,18,1,14,162,55,53,37,2,71,5,4.93,.258,.330,.419,.749,1.42,13.2,6.6,3.4,1.3,1.9,16.5,8.6,7.9,1,1,3,0,0,3,50,19,24,11,45.8,.380,1,1.000,0,.000,0,30,2,2.0,1552,102,112,0.48,4,3,103,0.2
127402,Jason Perkins,50,0,4,2,4,2,.667,1,.250,19,8,83.1,350,328,93,62,14,1,16,157,45,42,16,0,73,2,4.54,.284,.318,.479,.797,1.31,12.0,7.9,1.7,1.7,4.6,20.9,4.6,16.3,1,3,7,0,0,8,50,21,28,5,17.9,.420,0,.000,0,.000,0,26,0,0.0,1312,68,93,0.42,5,5,98,0.4
128571,P.J. Pers,25,22,8,4,0,0,.000,0,.000,0,1,121.1,534,470,135,108,18,2,7,178,50,45,52,0,137,4,3.34,.287,.360,.379,.738,1.54,14.2,10.2,3.9,0.5,2.6,25.7,9.7,15.9,3,5,5,1,0,13,3,1,4,3,75.0,.333,6,.273,0,.000,0,80,70,3.2,2010,108,97,0.53,4,4,66,3.8
129270,Lorenz Pfeiffer,40,1,2,2,5,1,.250,3,.600,4,5,69.1,320,256,52,26,9,0,17,112,46,44,59,0,57,3,5.71,.203,.356,.438,.794,1.60,14.8,7.4,7.7,2.2,1.0,17.8,18.4,-0.6,0,2,4,0,0,6,39,15,31,13,41.9,.385,0,.000,0,.000,0,31,0,0.0,1248,78,65,0.55,4,1,163,-1.9
129630,John Phillips,60,0,4,2,7,5,.714,2,.286,22,10,76.2,337,308,78,53,14,0,11,125,34,33,29,3,62,0,3.87,.253,.318,.406,.723,1.40,12.6,7.3,3.4,1.3,2.1,18.4,8.6,9.8,0,0,4,0,0,4,60,22,40,10,25.0,.367,0,.000,0,.000,0,20,0,0.0,1254,72,90,0.44,9,0,88,0.7
126107,Tony Pich,39,0,6,1,2,1,.500,1,.500,17,6,52.2,224,197,39,25,8,0,6,65,24,23,23,2,50,4,3.93,.198,.295,.330,.625,1.18,11.3,8.5,3.9,1.0,2.2,22.3,10.3,12.1,0,0,2,0,0,2,39,16,24,5,20.8,.410,0,.000,0,.000,0,21,0,0.0,825,45,60,0.43,4,1,88,0.5
126674,Bobby Pinches,32,4,4,5,0,0,.000,0,.000,7,5,59.1,275,233,62,47,9,1,5,88,36,32,35,1,54,5,4.85,.266,.372,.378,.750,1.63,15.5,8.2,5.3,0.8,1.5,19.6,12.7,6.9,1,1,2,0,0,5,28,10,14,2,14.3,.357,0,.000,0,.000,0,32,6,1.5,1040,58,57,0.50,1,2,93,0.6
124253,Will Plummer,54,1,7,4,11,7,.636,4,.364,24,9,64.1,258,228,49,37,7,0,5,71,20,20,25,3,58,1,2.80,.215,.293,.311,.604,1.15,10.5,8.1,3.5,0.7,2.3,22.5,9.7,12.8,2,2,3,1,0,7,53,23,38,8,21.1,.434,1,1.000,0,.000,0,17,5,5.0,971,58,66,0.47,0,2,76,1.3
128872,Arion Polychronopoulos,18,8,4,1,0,0,.000,0,.000,1,1,68.1,267,251,54,41,7,0,6,79,16,16,13,0,50,3,2.11,.215,.262,.315,.577,0.98,9.2,6.6,1.7,0.8,3.8,18.7,4.9,13.9,0,0,3,1,0,7,10,4,8,3,37.5,.400,6,.750,0,.000,0,52,28,3.5,953,74,73,0.50,5,1,79,1.5
128870,Dave Pope,48,0,5,7,9,2,.222,7,.778,15,11,76.0,330,294,77,56,14,0,7,112,41,34,30,2,64,4,4.03,.262,.338,.381,.719,1.41,13.1,7.6,3.6,0.8,2.1,19.4,9.1,10.3,2,0,2,0,0,9,48,15,29,8,27.6,.312,0,.000,0,.000,0,25,0,0.0,1231,75,78,0.49,2,1,82,1.1
124697,Dusty Price,38,18,6,8,4,1,.250,3,.750,4,6,118.1,532,471,130,92,19,2,17,204,77,74,57,1,82,3,5.63,.276,.357,.433,.790,1.58,14.5,6.2,4.3,1.3,1.4,15.4,10.7,4.7,0,1,4,1,0,13,20,10,16,6,37.5,.500,4,.222,0,.000,0,52,54,3.0,2006,133,120,0.53,6,3,111,0.5
125052,John Price,35,23,5,13,2,1,.500,1,.500,3,3,138.2,606,542,146,99,23,0,24,241,92,89,51,0,84,5,5.78,.269,.334,.445,.779,1.42,13.1,5.5,3.3,1.6,1.6,13.9,8.4,5.4,0,7,4,0,1,11,12,6,10,4,40.0,.500,7,.304,0,.000,0,64,75,3.3,2259,137,176,0.44,14,3,119,0.3
120414,Royce Purdy,35,35,8,18,0,0,.000,0,.000,0,0,198.2,869,785,213,135,43,3,32,358,114,110,69,0,139,7,4.98,.271,.333,.456,.789,1.42,13.1,6.3,3.1,1.4,2.0,16.0,7.9,8.1,0,8,9,0,0,21,0,0,0,0,0.0,.000,14,.400,1,.029,0,89,83,2.4,3123,197,233,0.46,8,4,108,1.8
133380,Esteban Pérez,62,0,1,2,45,41,.911,4,.089,26,8,61.1,262,233,58,43,5,0,10,93,27,27,27,1,57,2,3.96,.249,.332,.399,.731,1.39,12.8,8.4,4.0,1.5,2.1,21.8,10.3,11.5,0,0,1,0,0,7,62,49,21,7,33.3,.790,0,.000,0,.000,0,16,0,0.0,1010,55,63,0.47,3,1,105,0.0
128909,Javier Pérez,34,34,16,6,0,0,.000,0,.000,0,0,192.0,769,704,150,98,39,2,11,226,58,54,58,0,116,2,2.53,.213,.274,.321,.595,1.08,9.8,5.4,2.7,0.5,2.0,15.1,7.5,7.5,2,3,5,1,0,15,0,0,0,0,0.0,.000,14,.412,0,.000,0,82,98,2.9,2801,218,216,0.50,13,6,78,4.8
127212,Tomás Pérez,34,34,15,8,0,0,.000,0,.000,0,0,190.2,784,708,154,97,42,1,14,240,75,64,65,0,163,4,3.02,.218,.284,.339,.623,1.15,10.5,7.7,3.1,0.7,2.5,20.8,8.3,12.5,0,7,7,0,0,13,0,0,0,0,0.0,.000,16,.471,0,.000,0,85,112,3.3,2911,191,197,0.49,4,4,68,5.8
126248,Randy Rahmatulla,51,6,5,6,5,1,.200,4,.800,8,9,118.1,501,452,113,83,14,0,16,175,56,48,40,0,84,4,3.65,.250,.314,.387,.701,1.29,11.9,6.4,3.0,1.2,2.1,16.8,8.0,8.8,1,4,1,1,0,11,45,13,22,8,36.4,.289,5,.833,0,.000,0,37,7,1.2,1904,129,125,0.51,20,2,104,0.5
125420,António Ramos,77,0,3,3,7,4,.571,3,.429,16,13,68.0,302,266,69,43,12,0,14,123,39,39,32,6,69,3,5.16,.259,.344,.462,.807,1.49,13.8,9.1,4.2,1.9,2.2,22.8,10.6,12.3,0,1,6,0,0,6,77,39,53,18,34.0,.506,0,.000,0,.000,0,14,0,0.0,1122,55,71,0.44,9,1,109,-0.1
137263,Luis Ramírez,56,3,3,5,8,4,.500,4,.500,11,7,110.2,474,445,121,77,24,6,14,199,61,56,27,1,80,0,4.55,.272,.312,.447,.759,1.34,12.0,6.5,2.2,1.1,3.0,16.9,5.7,11.2,0,2,1,0,0,8,53,25,28,8,28.6,.472,1,.333,0,.000,0,31,10,3.3,1755,117,124,0.49,9,3,84,1.4
130052,Joe Randolph,50,0,7,2,7,2,.333,4,.571,24,7,93.0,378,347,86,57,17,1,11,138,30,27,27,6,69,2,2.61,.248,.304,.398,.702,1.22,11.1,6.7,2.6,1.1,2.6,18.3,7.1,11.1,0,2,3,0,0,9,50,15,27,5,18.5,.300,0,.000,0,.000,0,27,0,0.0,1362,90,100,0.47,9,4,82,1.3
124223,Manuel Rangel,56,0,5,4,4,2,.500,2,.500,24,10,84.2,346,314,68,47,13,1,7,104,23,22,27,4,81,3,2.34,.217,.283,.331,.614,1.12,10.4,8.6,2.9,0.7,3.0,23.4,7.8,15.6,0,2,4,0,0,4,56,14,35,6,17.1,.250,0,.000,0,.000,0,23,0,0.0,1298,64,99,0.39,6,2,65,2.1
129938,Brendan Rankin,33,0,4,1,5,2,.500,2,.400,13,7,48.2,200,183,46,28,13,0,5,74,23,23,15,0,43,1,4.25,.251,.310,.404,.714,1.25,11.5,8.0,2.8,0.9,2.9,21.5,7.5,14.0,0,1,0,0,0,6,33,8,21,7,33.3,.242,0,.000,0,.000,0,20,0,0.0,692,47,46,0.51,3,1,79,0.8
135584,Bob Ray,30,30,10,16,0,0,.000,0,.000,0,0,186.0,801,711,175,111,27,4,33,309,113,103,75,1,162,8,4.98,.246,.323,.435,.758,1.34,12.5,7.8,3.6,1.6,2.2,20.2,9.4,10.9,3,4,6,1,0,11,0,0,0,0,0.0,.000,12,.400,0,.000,0,97,96,3.2,2933,189,186,0.50,18,4,115,1.0
127993,Steven Reed,67,0,9,6,3,1,.333,2,.667,24,15,72.2,297,267,61,41,13,0,7,95,28,23,22,0,54,1,2.85,.228,.285,.356,.641,1.14,10.4,6.7,2.7,0.9,2.5,18.2,7.4,10.8,2,5,5,0,0,6,67,39,47,11,23.4,.582,0,.000,0,.000,0,16,0,0.0,1102,74,79,0.48,2,2,82,1.2
133679,Carlos Reyes,29,13,8,2,1,0,.000,1,1.000,5,2,121.2,497,449,97,67,14,2,14,157,42,39,44,0,119,2,2.88,.216,.288,.350,.638,1.16,10.6,8.8,3.3,1.0,2.7,23.9,8.9,15.1,1,1,2,0,0,10,16,3,9,2,22.2,.188,12,.923,0,.000,0,64,58,4.5,1860,107,123,0.47,5,4,86,2.2
125833,Domingo Reyes,33,33,12,9,0,0,.000,0,.000,0,0,168.1,705,625,143,96,32,2,13,218,76,64,65,0,119,6,3.42,.229,.304,.349,.653,1.24,11.4,6.4,3.5,0.7,1.8,16.9,9.2,7.7,2,7,4,0,0,17,0,0,0,0,0.0,.000,8,.242,0,.000,0,79,90,2.7,2638,181,181,0.50,26,4,84,3.7
132365,Ignacio Reyes,31,31,17,8,0,0,.000,0,.000,0,0,181.0,740,684,146,98,28,5,15,229,70,59,46,0,148,5,2.93,.213,.267,.335,.601,1.06,9.8,7.4,2.3,0.7,3.2,20.0,6.2,13.8,1,4,3,0,0,9,0,0,0,0,0.0,.000,16,.516,0,.000,0,86,92,3.0,2686,161,220,0.42,7,3,72,5.2
128429,Jeffrey Richards,34,22,6,11,0,0,.000,0,.000,1,2,136.2,598,532,137,92,23,2,20,224,86,81,57,2,104,6,5.33,.258,.335,.421,.756,1.42,13.2,6.8,3.8,1.3,1.8,17.4,9.5,7.9,1,2,2,2,0,11,12,5,11,4,36.4,.417,8,.364,0,.000,0,64,60,2.7,2193,127,162,0.44,15,0,104,1.3
134360,Jon Richardson,32,32,17,12,0,0,.000,0,.000,0,0,195.2,838,731,171,114,42,1,14,257,95,91,90,1,132,5,4.19,.234,.320,.352,.671,1.33,12.2,6.1,4.1,0.6,1.5,15.8,10.7,5.0,5,6,5,4,1,15,0,0,0,0,0.0,.000,18,.562,3,.094,2,96,102,3.2,3096,220,212,0.51,24,4,90,3.6
125871,Fernando Rivera,27,0,1,4,4,2,1.000,0,.000,3,5,55.0,240,200,45,27,12,0,6,75,28,24,37,0,46,1,3.93,.225,.346,.375,.721,1.49,13.6,7.5,6.1,1.0,1.2,19.2,15.4,3.8,0,2,1,0,0,7,27,11,15,4,26.7,.407,0,.000,0,.000,0,33,0,0.0,909,41,69,0.37,1,0,110,-0.1
136131,Salvador Rivera,28,28,12,12,0,0,.000,0,.000,0,0,163.1,705,615,155,108,32,2,13,230,81,78,66,12,164,19,4.30,.252,.342,.374,.716,1.35,13.2,9.0,3.6,0.7,2.5,23.3,9.4,13.9,3,2,8,0,0,14,0,0,0,0,0.0,.000,12,.429,0,.000,0,91,93,3.3,2563,142,158,0.47,24,5,78,4.1
135378,Jack Robbins,28,0,4,1,0,0,.000,0,.000,6,6,62.2,276,250,74,49,12,0,13,125,42,38,20,0,39,2,5.46,.296,.350,.500,.850,1.50,13.8,5.6,2.9,1.9,1.9,14.1,7.2,6.9,2,2,3,0,0,7,28,6,27,18,66.7,.214,0,.000,0,.000,0,35,0,0.0,989,64,75,0.46,6,1,122,-0.5
134834,Clifton Roberts,11,0,1,1,2,0,.000,2,1.000,5,3,16.2,73,67,21,15,3,1,2,32,7,7,2,0,9,3,3.78,.313,.356,.478,.834,1.38,14.0,4.9,1.1,1.1,4.5,12.3,2.7,9.6,0,1,1,0,0,3,11,1,6,4,66.7,.091,0,.000,0,.000,0,20,0,0.0,230,16,22,0.42,0,0,99,0.1
124113,Brian Robertson,73,0,4,1,5,1,.200,4,.800,14,15,102.2,428,386,97,69,14,1,13,152,44,42,37,2,50,3,3.68,.251,.321,.394,.715,1.31,12.0,4.4,3.2,1.1,1.4,11.7,8.6,3.0,1,1,6,0,0,12,73,22,61,21,34.4,.301,0,.000,0,.000,0,21,0,0.0,1540,123,113,0.52,6,4,105,0.1
125126,Elijah Robertson,67,0,4,2,4,0,.000,4,1.000,11,13,89.1,404,351,89,49,21,3,16,164,65,58,45,2,83,6,5.84,.254,.347,.467,.814,1.50,14.1,8.4,4.5,1.6,1.8,20.5,11.1,9.4,0,2,4,0,0,9,67,9,31,8,25.8,.134,0,.000,0,.000,0,23,0,0.0,1542,82,92,0.47,7,1,113,-0.3
133577,Mike Robertson,34,26,10,12,0,0,.000,0,.000,0,0,188.0,786,708,170,106,35,1,28,291,90,86,60,0,149,12,4.12,.240,.309,.411,.720,1.22,11.6,7.1,2.9,1.3,2.5,19.0,7.6,11.3,3,2,2,1,1,17,8,2,6,0,0.0,.250,15,.577,4,.154,1,85,79,3.0,2896,202,186,0.52,6,6,106,1.7
130013,Bob Robinson,28,28,14,6,0,0,.000,0,.000,0,0,157.2,644,584,131,95,23,2,11,191,58,52,50,0,117,4,2.97,.224,.289,.327,.616,1.15,10.6,6.7,2.9,0.6,2.3,18.2,7.8,10.4,4,2,5,0,0,16,0,0,0,0,0.0,.000,13,.464,0,.000,0,86,92,3.3,2419,198,137,0.59,10,4,80,3.8
125768,Bob Rodríguez,53,1,6,0,0,0,.000,0,.000,5,6,103.0,444,401,103,65,17,2,19,181,48,46,39,0,88,1,4.02,.257,.323,.451,.774,1.38,12.5,7.7,3.4,1.7,2.3,19.8,8.8,11.0,1,2,9,2,0,7,52,10,42,16,38.1,.192,0,.000,0,.000,0,30,2,2.0,1640,105,106,0.50,3,1,109,-0.1
134962,Ernesto Rodríguez,60,0,0,3,0,0,.000,0,.000,16,4,96.2,391,349,76,63,8,1,4,98,29,26,36,1,56,1,2.42,.218,.290,.281,.571,1.16,10.5,5.2,3.4,0.4,1.6,14.3,9.2,5.1,1,4,3,0,0,13,60,12,44,9,20.5,.200,0,.000,0,.000,0,22,0,0.0,1368,111,106,0.51,4,3,75,1.5
136840,Fernando Rodríguez,52,0,4,4,0,0,.000,0,.000,13,11,81.0,333,300,72,43,19,1,9,120,36,33,26,2,63,4,3.67,.240,.306,.400,.706,1.21,11.3,7.0,2.9,1.0,2.4,18.9,7.8,11.1,0,3,3,1,0,11,52,17,43,13,30.2,.327,0,.000,0,.000,0,24,0,0.0,1290,86,79,0.52,4,3,90,0.7
135361,Juan Rodríguez,46,1,3,0,4,2,1.000,0,.000,2,6,97.0,394,361,78,57,11,1,9,118,40,39,27,0,54,3,3.62,.216,.275,.327,.602,1.08,10.0,5.0,2.5,0.8,2.0,13.7,6.9,6.9,0,2,3,1,1,8,45,21,42,9,21.4,.467,1,1.000,0,.000,0,30,1,1.0,1395,104,123,0.46,5,1,92,0.7
131057,Josué Román,46,0,6,1,6,3,.600,2,.333,19,5,82.0,330,299,66,44,15,1,6,101,30,27,25,0,52,1,2.96,.221,.279,.338,.617,1.11,10.1,5.7,2.7,0.7,2.1,15.8,7.6,8.2,0,5,1,0,0,12,46,19,31,10,32.3,.413,0,.000,0,.000,0,26,0,0.0,1225,99,83,0.54,4,0,80,1.2
127941,Ernest Ronaldson,30,30,4,15,0,0,.000,0,.000,0,0,172.2,743,651,160,112,20,2,26,262,102,97,76,0,126,8,5.06,.246,.329,.402,.731,1.37,12.7,6.6,4.0,1.4,1.7,17.0,10.2,6.7,1,7,6,2,0,14,0,0,0,0,0.0,.000,13,.433,0,.000,0,92,61,2.0,2775,185,184,0.50,47,4,116,0.9
135140,Francis Roop,51,0,3,1,5,4,1.000,0,.000,14,2,91.0,359,338,74,55,11,1,7,108,24,21,16,0,78,3,2.08,.219,.259,.320,.579,0.99,9.2,7.7,1.6,0.7,4.9,21.7,4.5,17.3,0,2,2,0,0,9,51,22,22,5,22.7,.431,0,.000,0,.000,0,25,0,0.0,1310,90,91,0.50,0,3,63,2.0
127858,Cisco Rosa,30,0,2,1,1,1,1.000,0,.000,5,9,40.2,183,168,55,38,8,1,8,89,35,35,13,0,30,0,7.75,.327,.372,.530,.901,1.67,15.0,6.6,2.9,1.8,2.3,16.4,7.1,9.3,0,2,2,0,0,6,30,8,18,3,16.7,.267,0,.000,0,.000,0,22,0,0.0,685,45,40,0.53,2,1,118,-0.2
126707,Adrian Rose,34,13,5,6,2,1,.500,1,.500,7,4,109.1,446,407,104,67,18,4,15,175,61,59,32,0,88,2,4.86,.256,.310,.430,.740,1.24,11.4,7.2,2.6,1.2,2.8,19.7,7.2,12.6,1,4,3,1,0,15,21,10,10,5,50.0,.476,5,.385,0,.000,0,49,39,3.0,1675,107,110,0.49,7,7,95,1.4
124477,Jessie Rose,31,31,15,8,0,0,.000,0,.000,0,0,182.1,767,682,147,106,23,1,17,223,67,63,73,8,162,10,3.11,.216,.300,.327,.627,1.21,11.4,8.0,3.6,0.8,2.2,21.1,9.5,11.6,1,1,4,1,0,13,0,0,0,0,0.0,.000,14,.452,0,.000,0,95,93,3.0,2950,196,171,0.53,17,3,85,3.8
136623,Luis Rosário,45,15,11,6,3,0,.000,3,1.000,5,3,137.2,600,521,132,93,21,1,17,206,74,69,49,3,88,13,4.51,.253,.326,.395,.721,1.31,12.7,5.8,3.2,1.1,1.8,14.7,8.2,6.5,5,12,2,1,0,4,30,11,23,4,17.4,.367,8,.533,1,.067,1,47,48,3.2,2136,134,178,0.43,22,2,108,0.7
129102,Bill Russell,62,0,6,2,45,34,.756,11,.244,30,12,62.2,284,251,69,52,10,0,7,100,29,28,31,0,45,0,4.02,.275,.352,.398,.751,1.60,14.4,6.5,4.5,1.0,1.5,15.8,10.9,4.9,0,2,5,0,0,2,62,46,12,7,58.3,.742,0,.000,0,.000,0,17,0,0.0,1091,61,75,0.45,4,0,101,0.2
132563,Héctor Ruíz,28,25,15,7,0,0,.000,0,.000,0,0,183.2,749,659,132,86,28,4,14,210,61,52,78,1,159,7,2.55,.200,.290,.319,.608,1.14,10.6,7.8,3.8,0.7,2.0,21.2,10.4,10.8,0,5,6,1,0,15,3,0,1,0,0.0,.000,17,.680,4,.160,3,99,93,3.7,2778,166,204,0.45,2,3,83,4.0
133221,Pedro Ríos,58,0,4,6,12,6,.500,6,.500,23,11,96.1,413,378,103,76,15,1,11,153,41,39,30,0,73,3,3.64,.272,.330,.405,.735,1.38,12.7,6.8,2.8,1.0,2.4,17.7,7.3,10.4,1,1,2,1,0,11,58,19,32,10,31.2,.328,0,.000,0,.000,0,26,0,0.0,1558,81,119,0.41,9,3,89,0.9
136762,Víctor Salas,34,23,9,10,0,0,.000,0,.000,3,0,153.1,674,606,171,106,40,5,20,281,92,87,53,0,110,8,5.11,.282,.345,.464,.809,1.46,13.6,6.5,3.1,1.2,2.1,16.3,7.9,8.5,2,5,2,0,0,16,11,4,5,1,20.0,.364,7,.304,1,.043,0,72,78,3.4,2452,165,164,0.50,8,3,103,1.6
136560,Luis Salgado,33,33,15,12,0,0,.000,0,.000,0,0,173.2,757,667,168,125,20,4,19,253,96,89,76,0,98,9,4.61,.252,.335,.379,.714,1.40,13.1,5.1,3.9,1.0,1.3,12.9,10.0,2.9,1,4,6,0,0,16,0,0,0,0,0.0,.000,11,.333,0,.000,0,84,108,3.3,2798,172,226,0.43,12,3,107,1.7
129708,Jon Samuels,31,31,4,12,0,0,.000,0,.000,0,0,135.1,583,502,128,95,20,2,11,185,68,65,69,0,96,2,4.32,.255,.343,.369,.712,1.46,13.2,6.4,4.6,0.7,1.4,16.5,11.8,4.6,3,7,5,0,0,18,0,0,0,0,0.0,.000,2,.065,0,.000,0,71,65,2.1,2226,138,144,0.49,7,4,92,2.3
129511,Ricardo Sandoval,72,0,1,2,3,1,.500,1,.333,7,9,127.2,581,510,148,92,27,1,28,261,83,81,65,11,118,2,5.71,.290,.370,.512,.882,1.67,15.2,8.3,4.6,2.0,1.8,20.3,11.2,9.1,0,4,2,0,0,11,72,21,65,30,46.2,.292,0,.000,0,.000,0,30,0,0.0,2181,116,127,0.48,13,2,125,-1.2
135030,Raúl Santana,42,5,4,4,0,0,.000,0,.000,12,3,93.1,416,358,97,68,17,0,12,150,43,39,46,8,71,5,3.76,.271,.358,.419,.777,1.53,14.3,6.8,4.4,1.2,1.5,17.1,11.1,6.0,2,4,6,1,1,12,37,8,25,9,36.0,.216,1,.200,0,.000,0,37,8,1.6,1571,93,98,0.49,5,3,105,0.3
128189,Manny Santos,52,0,3,1,5,3,.600,2,.400,18,8,57.0,234,197,34,21,8,0,5,57,12,11,35,7,43,2,1.74,.173,.303,.289,.593,1.21,11.2,6.8,5.5,0.8,1.2,18.4,15.0,3.4,0,0,0,1,0,8,52,23,33,8,24.2,.442,0,.000,0,.000,0,16,0,0.0,844,57,61,0.48,0,1,93,0.4
127171,Alfred Savage,32,32,10,7,0,0,.000,0,.000,0,0,153.0,679,578,140,97,29,2,12,209,75,68,85,0,120,10,4.00,.242,.347,.362,.709,1.47,13.8,7.1,5.0,0.7,1.4,17.7,12.5,5.2,2,4,5,0,0,14,0,0,0,0,0.0,.000,3,.094,0,.000,0,79,100,3.1,2534,159,157,0.50,18,7,94,2.5
135160,Patrick Schmidt,55,0,12,8,8,3,.375,5,.625,25,19,85.1,373,332,88,61,12,0,15,145,42,38,34,0,72,1,4.01,.265,.332,.437,.769,1.43,13.0,7.6,3.6,1.6,2.1,19.3,9.1,10.2,3,3,1,1,0,5,55,17,35,9,25.7,.309,0,.000,0,.000,0,25,0,0.0,1383,60,116,0.34,3,0,110,-0.2
125944,Will Schock,17,0,3,0,1,0,.000,1,1.000,4,2,32.0,131,114,23,12,6,1,4,43,20,20,15,0,24,2,5.62,.202,.305,.377,.683,1.19,11.2,6.8,4.2,1.1,1.6,18.3,11.5,6.9,0,0,0,0,0,4,17,8,6,0,0.0,.471,0,.000,0,.000,0,28,0,0.0,489,26,40,0.39,4,2,106,-0.0
124780,Bryce Shows,59,0,3,1,6,1,.200,4,.667,12,11,104.2,469,415,122,70,29,0,23,220,79,79,45,9,61,1,6.79,.294,.358,.530,.888,1.60,14.4,5.2,3.9,2.0,1.4,13.0,9.6,3.4,0,8,1,0,0,7,59,16,56,22,39.3,.271,0,.000,0,.000,0,27,0,0.0,1608,122,117,0.51,6,4,129,-1.2
130251,Wilson Simmons,32,32,9,9,0,0,.000,0,.000,0,0,186.1,791,700,169,116,37,2,14,252,86,78,80,3,91,6,3.77,.241,.324,.360,.684,1.34,12.3,4.4,3.9,0.7,1.1,11.5,10.1,1.4,3,2,6,1,0,21,0,0,0,0,0.0,.000,10,.312,0,.000,0,90,81,2.5,2880,216,218,0.50,8,4,102,2.3
129966,Abraham Smith,28,25,8,8,2,1,1.000,0,.000,0,0,144.1,644,564,152,95,36,2,19,249,87,81,62,3,121,11,5.05,.270,.350,.441,.791,1.48,14.0,7.5,3.9,1.2,2.0,18.8,9.6,9.2,1,6,3,0,0,10,3,3,1,1,100.0,1.000,10,.400,0,.000,0,85,94,3.8,2384,118,175,0.40,5,2,104,1.6
126741,Jason Smith,44,0,5,3,6,3,.600,2,.333,21,14,92.2,391,338,72,51,11,0,10,113,38,36,48,9,90,2,3.50,.213,.313,.334,.647,1.29,11.8,8.7,4.7,1.0,1.9,23.0,12.3,10.7,1,2,4,1,0,10,44,13,35,11,31.4,.295,0,.000,0,.000,0,32,0,0.0,1444,74,100,0.43,7,2,85,1.1
121547,Marcus Smith,30,0,4,0,5,3,1.000,0,.000,5,4,76.1,342,298,74,50,11,0,13,124,36,35,37,1,87,6,4.13,.248,.342,.416,.758,1.45,13.8,10.3,4.4,1.5,2.4,25.4,10.8,14.6,0,1,4,1,0,5,30,15,21,6,28.6,.500,0,.000,0,.000,0,43,0,0.0,1304,72,63,0.53,3,0,108,-0.1
126690,Marvin Smith,66,0,5,7,28,24,.857,4,.143,33,14,86.1,358,316,69,46,10,0,13,118,31,29,37,1,115,1,3.02,.218,.300,.373,.673,1.23,11.2,12.0,3.9,1.4,3.1,32.1,10.3,21.8,1,3,1,1,0,8,66,38,12,2,16.7,.576,0,.000,0,.000,0,22,0,0.0,1453,61,73,0.46,6,2,79,1.7
130843,Steve Smith,45,0,1,2,2,1,1.000,0,.000,11,4,88.0,361,337,82,57,9,0,16,139,34,34,22,0,62,1,3.48,.243,.292,.412,.704,1.18,10.7,6.3,2.2,1.6,2.8,17.2,6.1,11.1,1,0,3,2,0,8,45,19,30,10,33.3,.422,0,.000,0,.000,0,29,0,0.0,1346,91,98,0.48,7,4,105,0.1
119814,Travis Smith,32,32,8,13,0,0,.000,0,.000,0,0,173.1,737,665,160,118,22,2,18,240,94,81,57,0,125,10,4.21,.241,.309,.361,.670,1.25,11.8,6.5,3.0,0.9,2.2,17.0,7.7,9.2,2,3,7,0,0,13,0,0,0,0,0.0,.000,9,.281,1,.031,0,84,86,2.7,2694,196,180,0.52,27,4,91,3.1
127479,Wilfred Smith,62,0,3,3,5,1,.250,3,.600,6,9,125.0,568,481,127,85,23,3,16,204,71,67,77,15,98,6,4.82,.264,.370,.424,.794,1.63,15.1,7.1,5.5,1.2,1.3,17.3,13.6,3.7,0,4,5,0,0,10,62,14,54,23,42.6,.226,0,.000,0,.000,0,33,0,0.0,2103,114,142,0.45,9,3,111,-0.3
126022,Tom Snyder,34,34,7,13,0,0,.000,0,.000,0,0,180.1,790,695,185,123,35,5,22,296,95,93,77,6,114,6,4.64,.266,.340,.426,.766,1.45,13.4,5.7,3.8,1.1,1.5,14.4,9.7,4.7,1,11,12,1,0,18,0,0,0,0,0.0,.000,11,.324,0,.000,0,85,95,2.8,2895,185,216,0.46,5,5,104,2.0
127671,Alex Stanton,44,0,4,0,3,1,.333,2,.667,15,4,74.0,304,261,46,27,6,1,12,90,25,23,41,0,65,1,2.80,.176,.289,.345,.634,1.18,10.7,7.9,5.0,1.5,1.6,21.4,13.5,7.9,0,1,3,0,0,5,44,15,36,5,13.9,.341,0,.000,0,.000,0,27,0,0.0,1206,73,75,0.49,13,0,116,-0.4
128473,Roman Stefanut,47,0,5,4,5,2,.400,3,.600,19,13,67.2,300,261,71,52,12,0,7,104,40,32,30,4,57,5,4.26,.272,.353,.398,.752,1.49,14.1,7.6,4.0,0.9,1.9,19.0,10.0,9.0,0,4,2,0,0,6,47,9,39,10,25.6,.191,0,.000,0,.000,0,24,0,0.0,1151,60,73,0.45,7,4,83,1.0
120781,John Stevens,46,0,1,2,3,1,.500,1,.333,11,7,85.0,350,319,79,52,13,1,13,133,28,28,30,0,72,0,2.96,.248,.311,.417,.728,1.28,11.5,7.6,3.2,1.4,2.4,20.6,8.6,12.0,0,1,1,0,0,11,46,16,32,9,28.1,.348,0,.000,0,.000,0,27,0,0.0,1269,90,78,0.54,8,2,97,0.4
132509,Max Stevens,74,0,7,4,6,1,.167,5,.833,23,10,118.1,503,457,114,66,18,2,28,220,62,53,36,2,88,2,4.03,.249,.303,.481,.784,1.27,11.6,6.7,2.7,2.1,2.4,17.5,7.2,10.3,1,7,4,1,0,10,74,17,61,17,27.9,.230,0,.000,0,.000,0,24,0,0.0,1777,102,152,0.40,6,2,122,-1.0
130345,Paul Stevens,33,33,10,10,0,0,.000,0,.000,0,0,170.2,751,655,169,117,34,1,17,256,102,93,82,7,128,4,4.90,.258,.340,.391,.731,1.47,13.4,6.8,4.3,0.9,1.6,17.0,10.9,6.1,2,8,6,1,0,11,0,0,0,0,0.0,.000,11,.333,1,.030,0,84,103,3.1,2800,188,173,0.52,22,5,92,2.9
127286,Allen Stockhill,32,32,16,6,0,0,.000,0,.000,0,0,202.2,842,770,192,129,40,1,22,300,87,80,61,1,147,3,3.55,.249,.304,.390,.694,1.25,11.4,6.5,2.7,1.0,2.4,17.5,7.2,10.2,1,7,4,0,0,12,0,0,0,0,0.0,.000,20,.625,0,.000,0,96,132,4.1,3098,213,219,0.49,23,4,83,4.5
125693,Joe Stover,19,0,1,2,9,4,.444,5,.556,6,6,19.0,93,80,30,24,6,0,0,36,18,18,13,2,13,0,8.53,.375,.462,.450,.912,2.26,20.4,6.2,6.2,0.0,1.0,14.0,14.0,0.0,0,0,1,0,0,4,19,7,9,3,33.3,.368,0,.000,0,.000,0,17,0,0.0,334,17,20,0.46,1,0,72,0.5
127326,William Sullivan,62,0,7,8,43,35,.814,8,.186,28,11,70.0,293,258,59,38,11,0,10,100,33,31,23,0,62,7,3.99,.229,.306,.388,.693,1.17,11.4,8.0,3.0,1.3,2.7,21.2,7.8,13.3,2,3,2,0,0,5,62,51,14,1,7.1,.823,0,.000,0,.000,0,17,0,0.0,1075,76,65,0.54,3,1,102,0.2
131659,Albert Summers,37,24,9,8,0,0,.000,0,.000,2,1,148.0,623,558,134,89,27,0,18,215,76,70,61,1,105,1,4.26,.240,.315,.385,.700,1.32,11.9,6.4,3.7,1.1,1.7,16.9,9.8,7.1,0,3,6,0,0,18,13,5,10,4,40.0,.385,10,.417,1,.042,1,63,84,3.5,2362,171,143,0.54,22,4,98,1.9
130172,Larry Sutton,55,0,5,5,5,3,.600,2,.400,20,12,76.2,328,297,75,53,13,0,9,115,32,30,25,0,62,3,3.52,.253,.315,.387,.702,1.30,12.1,7.3,2.9,1.1,2.5,18.9,7.6,11.3,1,2,2,1,0,3,55,23,32,7,21.9,.418,0,.000,0,.000,0,22,0,0.0,1228,71,89,0.44,2,2,89,0.8
132290,Roberto Suárez,47,0,4,1,0,0,.000,0,.000,5,9,75.0,342,288,75,43,12,2,18,145,43,39,48,0,74,2,4.68,.260,.367,.503,.870,1.64,15.0,8.9,5.8,2.2,1.5,21.6,14.0,7.6,0,3,2,1,1,6,47,13,39,15,38.5,.277,0,.000,0,.000,0,28,0,0.0,1358,62,79,0.44,3,2,141,-1.3
128582,Floyd Swanson,59,0,4,6,34,33,.971,1,.029,29,9,67.0,275,250,53,33,10,0,10,93,25,25,22,3,72,2,3.36,.212,.281,.372,.653,1.12,10.3,9.7,3.0,1.3,3.3,26.2,8.0,18.2,1,0,1,0,0,5,59,48,4,0,0.0,.814,0,.000,0,.000,0,17,0,0.0,1044,66,57,0.54,5,0,83,1.2
130241,Carlos Sánchez,43,0,3,3,1,1,1.000,0,.000,17,4,57.0,238,206,42,27,12,0,3,63,20,18,24,2,32,3,2.84,.204,.294,.306,.599,1.16,10.9,5.1,3.8,0.5,1.3,13.4,10.1,3.4,3,2,0,2,0,6,43,17,24,3,12.5,.395,0,.000,0,.000,0,20,0,0.0,875,59,75,0.44,1,0,86,0.6
131116,Bob Talbot,31,31,7,10,0,0,.000,0,.000,0,0,162.1,716,616,158,102,27,4,25,268,93,93,83,0,105,10,5.16,.256,.352,.435,.787,1.48,13.9,5.8,4.6,1.4,1.3,14.7,11.6,3.1,3,4,12,0,0,18,0,0,0,0,0.0,.000,13,.419,0,.000,0,87,68,2.2,2718,168,190,0.47,17,4,122,0.3
128282,Martin Tate,25,0,0,3,3,0,.000,3,1.000,4,4,34.1,148,136,38,21,9,0,8,71,20,20,12,0,42,0,5.24,.279,.338,.522,.860,1.46,13.1,11.0,3.1,2.1,3.5,28.4,8.1,20.3,0,0,3,0,0,4,25,13,14,4,28.6,.520,0,.000,0,.000,0,22,0,0.0,555,29,27,0.52,1,1,109,-0.1
125801,Mark Taylor,28,2,2,4,3,3,1.000,0,.000,9,4,42.2,177,161,41,27,10,1,3,62,21,20,8,0,37,6,4.22,.255,.311,.385,.696,1.15,11.6,7.8,1.7,0.6,4.6,20.9,4.5,16.4,0,2,0,0,0,5,26,13,20,3,15.0,.500,0,.000,0,.000,0,23,2,1.0,660,52,33,0.61,0,0,74,0.9
125590,Bob Thompson,30,30,7,14,0,0,.000,0,.000,0,0,169.0,726,644,160,109,27,4,20,255,93,88,68,0,118,4,4.69,.248,.320,.396,.716,1.35,12.4,6.3,3.6,1.1,1.7,16.3,9.4,6.9,2,8,8,1,0,16,0,0,0,0,0.0,.000,13,.433,1,.033,0,88,83,2.8,2665,166,202,0.45,34,3,102,2.1
131063,Dave Thompson,33,33,13,8,0,0,.000,0,.000,0,0,190.2,798,754,192,136,39,4,13,278,77,72,42,1,148,0,3.40,.255,.294,.369,.662,1.23,11.0,7.0,2.0,0.6,3.5,18.5,5.3,13.3,1,1,4,0,0,13,0,0,0,0,0.0,.000,16,.485,0,.000,0,87,107,3.2,2887,190,214,0.47,16,2,64,6.3
128664,Mitch Thompson,37,0,1,0,1,1,1.000,0,.000,8,3,65.0,287,251,66,43,11,3,9,110,32,30,28,2,54,6,4.15,.263,.348,.438,.787,1.45,13.8,7.5,3.9,1.2,1.9,18.8,9.8,9.1,0,2,3,0,0,4,37,9,19,9,47.4,.243,0,.000,0,.000,0,30,0,0.0,1133,57,75,0.43,7,1,103,0.1
126054,Julián Toro,44,0,5,1,13,9,.750,3,.231,14,8,67.0,295,257,63,47,8,1,7,94,29,28,33,4,72,2,3.76,.245,.333,.366,.699,1.43,13.2,9.7,4.4,0.9,2.2,24.4,11.2,13.2,1,2,4,0,0,7,44,20,16,1,6.2,.455,0,.000,0,.000,0,24,0,0.0,1077,65,57,0.53,8,1,85,0.9
127145,Alberto Torres,44,0,2,2,3,2,.667,1,.333,6,8,76.0,334,284,58,40,8,0,10,96,36,34,47,1,59,2,4.03,.204,.320,.338,.658,1.38,12.7,7.0,5.6,1.2,1.3,17.7,14.1,3.6,0,1,2,1,0,3,44,16,34,4,11.8,.364,0,.000,0,.000,0,29,0,0.0,1295,82,82,0.50,8,2,118,-0.5
134417,Jamal Tucker,64,0,4,3,20,19,.950,1,.050,36,10,78.1,330,288,62,42,15,0,5,92,24,23,33,5,99,6,2.64,.215,.307,.319,.626,1.21,11.6,11.4,3.8,0.6,3.0,30.0,10.0,20.0,1,2,3,0,0,8,64,35,30,9,30.0,.547,0,.000,0,.000,0,20,0,0.0,1302,63,63,0.50,8,1,60,2.7
133921,António Valenzuela,33,33,16,12,0,0,.000,0,.000,0,0,175.2,752,675,170,115,36,1,18,262,78,73,58,0,139,7,3.74,.252,.313,.388,.701,1.30,12.0,7.1,3.0,0.9,2.4,18.5,7.7,10.8,2,10,9,1,0,12,0,0,0,0,0.0,.000,9,.273,0,.000,0,85,112,3.4,2805,180,190,0.49,14,4,83,3.9
129199,Emanuel van Maaren,32,32,14,13,0,0,.000,0,.000,0,0,189.2,795,708,167,111,34,5,17,262,79,75,67,3,134,5,3.56,.236,.303,.370,.673,1.23,11.3,6.4,3.2,0.8,2.0,16.9,8.4,8.4,4,10,3,1,1,18,0,0,0,0,0.0,.000,16,.500,0,.000,0,88,111,3.5,2847,222,187,0.54,18,4,84,4.1
123147,Chris van Volkenburg,36,20,8,7,1,0,.000,1,1.000,8,1,134.0,583,496,113,77,25,1,10,170,56,51,80,0,106,3,3.43,.228,.337,.343,.680,1.44,13.2,7.1,5.4,0.7,1.3,18.2,13.7,4.5,1,3,5,1,0,19,16,4,7,2,28.6,.250,9,.450,0,.000,0,61,58,2.9,2200,140,135,0.51,17,1,93,1.9
132783,Carlos Vargas,41,0,6,3,0,0,.000,0,.000,6,11,83.1,388,342,100,60,14,1,25,191,68,67,38,3,61,6,7.24,.292,.372,.558,.931,1.66,15.6,6.6,4.1,2.7,1.6,15.7,9.8,5.9,0,1,2,0,1,3,41,14,36,15,41.7,.341,0,.000,0,.000,0,33,0,0.0,1380,78,101,0.44,2,1,159,-2.2
129231,Adam Veeck,33,33,13,11,0,0,.000,0,.000,0,0,205.2,838,786,188,131,34,6,17,285,75,69,45,0,192,4,3.02,.239,.283,.363,.645,1.13,10.4,8.4,2.0,0.7,4.3,22.9,5.4,17.5,0,3,8,2,0,15,0,0,0,0,0.0,.000,22,.667,0,.000,0,95,114,3.5,3159,181,221,0.45,21,4,63,6.9
130255,José Vega,56,0,4,3,34,31,.912,3,.088,29,8,61.0,267,239,65,42,11,0,12,112,31,31,22,1,54,2,4.57,.272,.337,.469,.806,1.43,13.1,8.0,3.2,1.8,2.5,20.2,8.2,12.0,3,1,1,1,0,5,56,47,21,8,38.1,.839,0,.000,0,.000,0,16,0,0.0,917,60,63,0.49,1,0,115,-0.4
124539,Fernando Venegas,32,32,16,6,0,0,.000,0,.000,0,0,202.2,831,735,154,111,23,2,18,235,82,68,79,0,163,8,3.02,.210,.290,.320,.610,1.15,10.7,7.2,3.5,0.8,2.1,19.6,9.5,10.1,1,8,7,1,0,22,0,0,0,0,0.0,.000,20,.625,0,.000,0,96,131,4.1,3092,204,214,0.49,14,3,90,3.7
133119,Gonzalo Villarreal,50,1,3,3,3,1,.500,1,.333,6,11,100.0,413,370,98,67,21,1,9,148,49,47,33,0,50,5,4.23,.265,.330,.400,.730,1.31,12.2,4.5,3.0,0.8,1.5,12.1,8.0,4.1,1,4,3,0,0,20,49,14,30,11,36.7,.286,1,1.000,0,.000,0,30,3,3.0,1500,125,100,0.56,2,4,96,0.6
132187,Raúl Villarreal,63,0,2,8,50,44,.880,6,.120,34,9,62.2,277,240,59,40,11,0,8,94,28,26,32,2,78,1,3.73,.246,.335,.392,.726,1.45,13.2,11.2,4.6,1.1,2.4,28.2,11.6,16.6,2,2,1,0,0,6,63,58,7,3,42.9,.921,0,.000,0,.000,0,17,0,0.0,1102,44,58,0.43,4,0,79,1.4
132471,Sancho Vásquez,35,31,12,9,0,0,.000,0,.000,1,3,199.0,860,777,214,154,40,7,13,307,93,91,63,3,135,9,4.12,.275,.335,.395,.730,1.39,12.9,6.1,2.8,0.6,2.1,15.7,7.3,8.4,5,6,12,1,0,20,4,1,2,1,50.0,.250,17,.548,2,.065,1,89,125,4.0,3134,214,220,0.49,15,7,82,4.5
130456,Jorge Vázquez,43,21,7,11,12,11,.917,1,.083,9,4,136.2,601,539,158,114,23,2,19,242,88,82,54,0,73,2,5.40,.293,.356,.449,.805,1.55,14.1,4.8,3.6,1.3,1.4,12.1,9.0,3.2,0,6,3,1,0,21,22,19,3,1,33.3,.864,5,.238,0,.000,0,50,71,3.4,2185,152,157,0.49,7,3,111,0.7
126024,Pedro Vázquez,34,6,1,2,0,0,.000,0,.000,5,2,47.2,207,175,42,23,8,0,11,83,21,18,28,0,57,1,3.40,.240,.345,.474,.819,1.47,13.4,10.8,5.3,2.1,2.0,27.5,13.5,14.0,1,2,1,0,0,6,28,10,15,6,40.0,.357,0,.000,0,.000,0,25,6,1.0,851,38,40,0.49,4,0,125,-0.3
130074,Vicente Vélez,52,0,3,2,2,0,.000,2,1.000,15,8,67.1,304,241,53,33,11,2,7,89,45,44,57,4,54,4,5.88,.220,.375,.369,.744,1.63,15.2,7.2,7.6,0.9,0.9,17.8,18.8,-1.0,0,2,4,0,0,9,52,13,62,17,27.4,.250,0,.000,0,.000,0,22,0,0.0,1192,68,66,0.51,7,3,120,-0.5
126009,Skip Wates,27,27,13,8,0,0,.000,0,.000,0,0,158.0,652,601,147,101,26,2,18,231,56,53,44,1,115,2,3.02,.245,.296,.384,.680,1.21,11.0,6.6,2.5,1.0,2.6,17.6,6.7,10.9,0,5,1,0,0,9,0,0,0,0,0.0,.000,14,.519,2,.074,1,86,112,4.1,2340,168,173,0.49,16,6,90,2.9
120450,Dennis White,32,32,10,12,0,0,.000,0,.000,0,0,176.2,781,668,166,109,32,0,25,273,98,88,99,0,150,7,4.48,.249,.348,.409,.757,1.50,13.9,7.6,5.0,1.3,1.5,19.2,12.7,6.5,0,7,4,1,0,19,0,0,0,0,0.0,.000,17,.531,0,.000,0,92,97,3.0,2965,183,169,0.52,20,5,103,2.0
120803,Jeff Wilkins,30,8,2,3,2,1,1.000,0,.000,3,2,92.0,378,337,76,51,17,0,8,117,34,34,36,1,73,4,3.33,.226,.307,.347,.654,1.22,11.3,7.1,3.5,0.8,2.0,19.3,9.5,9.8,0,1,2,0,0,8,22,7,18,2,11.1,.318,0,.000,0,.000,0,47,17,2.1,1437,94,93,0.50,9,3,81,1.7
130660,Rob Williamson,56,0,3,7,29,23,.793,6,.207,26,11,67.2,287,259,67,44,10,1,12,115,38,37,23,2,51,2,4.92,.259,.322,.444,.766,1.33,12.2,6.8,3.1,1.6,2.2,17.8,8.0,9.8,1,2,3,0,0,8,56,34,28,5,17.9,.607,0,.000,0,.000,0,18,0,0.0,1043,80,62,0.56,7,2,107,-0.0
134322,Brendon Wilson,34,34,17,8,0,0,.000,0,.000,0,0,214.1,862,797,182,130,29,0,23,280,80,72,53,0,128,4,3.02,.228,.278,.351,.629,1.10,10.0,5.4,2.2,1.0,2.4,14.8,6.1,8.7,1,6,5,0,1,28,0,0,0,0,0.0,.000,22,.647,1,.029,1,92,111,3.3,3141,247,231,0.52,13,6,90,3.9
134366,Vic Wilson,67,0,8,4,7,4,.571,3,.429,21,10,77.1,325,297,73,48,18,2,5,110,32,25,21,2,65,2,2.91,.246,.296,.370,.667,1.22,11.2,7.6,2.4,0.6,3.1,20.0,6.5,13.5,1,4,4,1,0,6,67,32,35,9,25.7,.478,0,.000,0,.000,0,18,0,0.0,1233,79,81,0.49,1,1,63,2.0
134064,Brennan Winder,28,28,5,14,0,0,.000,0,.000,0,0,138.2,589,504,117,76,19,3,19,199,76,73,67,0,92,7,4.74,.232,.325,.395,.720,1.33,12.4,6.0,4.3,1.2,1.4,15.6,11.4,4.2,1,10,4,0,0,16,0,0,0,0,0.0,.000,5,.179,0,.000,0,77,45,1.6,2180,143,159,0.47,11,2,113,0.9
125889,Andy Wolfe,28,25,11,4,0,0,.000,0,.000,0,1,169.0,696,618,139,93,29,3,14,216,65,62,61,0,151,14,3.30,.225,.308,.350,.657,1.18,11.4,8.0,3.2,0.7,2.5,21.7,8.8,12.9,1,2,8,0,0,18,3,1,4,4,100.0,.333,17,.680,1,.040,1,92,91,3.6,2593,173,156,0.53,13,7,84,3.6
124452,Tim Wood,61,0,0,2,4,2,.500,2,.500,15,14,99.0,412,371,89,55,23,1,10,144,42,40,35,4,65,1,3.64,.240,.304,.388,.692,1.25,11.4,5.9,3.2,0.9,1.9,15.8,8.5,7.3,1,4,6,0,0,5,61,21,51,21,41.2,.344,0,.000,0,.000,0,24,0,0.0,1482,113,104,0.52,6,4,89,0.9
129953,Mike Woodruff,81,0,1,3,3,0,.000,3,1.000,18,18,104.1,471,411,103,55,22,2,24,201,68,65,52,7,88,5,5.61,.251,.340,.489,.829,1.49,13.8,7.6,4.5,2.1,1.7,18.7,11.0,7.6,0,3,2,1,0,5,81,22,43,20,46.5,.272,0,.000,0,.000,0,21,0,0.0,1751,94,124,0.43,13,0,128,-1.2
136721,Shosuke Yamamoto,51,5,6,4,14,10,.714,4,.286,21,6,75.2,324,282,71,57,10,0,4,93,35,33,34,1,45,1,3.93,.252,.328,.330,.658,1.39,12.6,5.4,4.0,0.5,1.3,13.9,10.5,3.4,1,6,3,0,0,10,46,22,31,9,29.0,.478,1,.200,0,.000,0,23,15,3.0,1179,88,82,0.52,2,1,85,1.2
130702,Yugoro Yasuda,39,0,2,1,0,0,.000,0,.000,5,3,61.0,268,244,63,35,12,0,16,123,44,42,20,0,53,3,6.20,.258,.321,.504,.825,1.36,12.7,7.8,3.0,2.4,2.6,19.8,7.5,12.3,0,1,2,2,0,3,39,13,27,7,25.9,.333,0,.000,0,.000,0,27,0,0.0,1067,58,67,0.46,1,1,132,-0.8
133522,Kuniaki Yoshida,49,0,6,7,24,17,.708,7,.292,21,10,62.0,264,239,59,35,11,1,12,108,32,32,19,5,44,1,4.65,.247,.303,.452,.755,1.26,11.5,6.4,2.8,1.7,2.3,16.7,7.2,9.5,3,2,3,0,0,2,49,40,23,5,21.7,.816,0,.000,0,.000,0,19,0,0.0,942,56,81,0.41,5,2,108,-0.1
118007,John Young,28,19,8,9,0,0,.000,0,.000,0,2,131.0,571,519,138,89,27,2,20,229,69,64,44,10,107,3,4.40,.266,.325,.441,.766,1.39,12.7,7.4,3.0,1.4,2.4,18.7,7.7,11.0,2,3,5,1,0,11,9,2,8,1,12.5,.222,9,.474,1,.053,0,74,38,2.0,2076,142,128,0.53,23,4,94,2.0
125550,Keith Zablan,24,0,0,1,3,1,.500,1,.333,0,4,40.1,186,168,50,26,15,1,8,91,29,25,17,2,37,0,5.58,.298,.360,.542,.902,1.66,15.0,8.3,3.8,1.8,2.2,19.9,9.1,10.8,0,1,0,1,0,3,24,11,21,7,33.3,.458,0,.000,0,.000,0,28,0,0.0,695,32,47,0.41,5,1,110,-0.1
120080,Pablo Ávila,58,1,5,4,3,0,.000,3,1.000,10,9,102.0,429,371,79,48,9,0,22,154,59,56,55,0,86,0,4.94,.213,.314,.415,.729,1.31,11.8,7.6,4.9,1.9,1.6,20.0,12.8,7.2,1,1,4,0,1,8,57,14,32,3,9.4,.246,0,.000,0,.000,0,27,1,1.0,1610,87,118,0.42,6,0,128,-1.1
